user_input,retrieved_contexts,response,reference,answer_relevancy,context_precision,context_recall
Vượt đèn đỏ bị phạt bao nhiêu tiền?,"['5. Phạt tiền từ 600.000 đồng đến 1.000.000 đồng đối với người điều khiển xe mô tô, xe gắn máy (kể cả xe máy điện), các loại xe tương tự xe mô tô và các loại xe tương tự xe gắn máy vượt rào chắn đường ngang, cầu chung khi chắn đang dịch chuyển; vượt đường ngang, cầu chung khi đèn đỏ đã bật sáng; không chấp hành hiệu lệnh, chỉ dẫn của nhân viên gác đường ngang, cầu chung khi đi qua đường ngang, cầu chung.\n\n6. Phạt tiền từ 800.000 đồng đến 1.000.000 đồng đối với người điều khiển xe ô tô, các loại xe tương tự xe ô tô, máy kéo, xe máy chuyên dùng dừng xe, đỗ xe quay đầu xe trong phạm vi an toàn đường ngang, cầu chung; không chấp hành hiệu lệnh, chỉ dẫn của biển báo hiệu, vạch kẻ đường khi đi qua đường ngang, cầu chung.\n\n7. Phạt tiền từ 1.000.000 đồng đến 2.000.000 đồng đối với người điều khiển máy kéo, xe máy chuyên dùng vượt rào chắn đường ngang, cầu chung khi chắn đang dịch chuyển; vượt đường ngang, cầu chung khi đèn đỏ đã bật sáng; không chấp hành hiệu lệnh, chỉ dẫn của nhân viên gác đường ngang, cầu chung khi đi qua đường ngang, cầu chung.\n\n8. Phạt tiền từ 3.000.000 đồng đến 5.000.000 đồng đối với người điều khiển xe ô tô, các loại xe tương tự xe ô tô vượt rào chắn đường ngang, cầu chung khi chắn đang dịch chuyển; vượt đường ngang, cầu chung khi đèn đỏ đã bật sáng; không chấp hành hiệu lệnh, chỉ dẫn của nhân viên gác đường ngang, cầu chung khi đi qua đường ngang, cầu chung.\n\n9. Phạt tiền từ 5.000.000 đồng đến 7.000.000 đồng đối với người điều khiển phương tiện giao thông đường bộ vi phạm một trong các hành vi sau đây:\n\na) Điều khiển phương tiện giao thông cơ giới đường bộ làm hỏng cần chắn, giàn chắn, các thiết bị khác tại đường ngang, cầu chung;\n\nb) Điều khiển xe bánh xích, xe lu bánh sắt, các phương tiện vận chuyển hàng siêu trường, siêu trọng, quá khổ giới hạn đi qua đường ngang mà không thông báo cho tổ chức quản lý đường ngang, không thực hiện đúng các biện pháp bảo đảm an toàn.\n\n10. Ngoài việc bị phạt tiền, người điều khiển phương tiện thực hiện hành vi vi phạm quy định tại khoản 5, khoản 7, khoản 8, khoản 9 Điều này còn bị áp dụng hình thức xử phạt bổ sung tước quyền sử dụng Giấy phép lái xe (khi điều khiển phương tiện giao thông cơ giới đường bộ), chứng chỉ bồi dưỡng kiến thức pháp luật về giao thông đường bộ (khi điều khiển xe máy chuyên dùng) từ 01 tháng đến 03 tháng.\n\n11. Ngoài việc bị áp dụng hình thức xử phạt, người điều khiển phương tiện thực hiện hành vi vi phạm quy định tại khoản 9 Điều này còn bị áp dụng biện pháp khắc phục hậu quả buộc khôi phục lại tình trạng ban đầu đã bị thay đổi do vi phạm hành chính gây ra.\n\nĐiều 48. Xử phạt các hành vi vi phạm quy định về phòng, chống thiên tai và giải quyết sự cố, tai nạn giao thông đường sắt', '4. Phạt tiền từ 600.000 đồng đến 1.000.000 đồng đối với người điều khiển xe thực hiện một trong các hành vi vi phạm sau đây:\n\na) Điều khiển xe chạy quá tốc độ quy định từ 10 km/h đến 20 km/h;\n\nb) Dừng xe, đỗ xe trong hầm đường bộ không đúng nơi quy định;\n\nc) Vượt xe trong những trường hợp không được vượt, vượt xe tại đoạn đường có biển báo hiệu có nội dung cấm vượt đối với loại phương tiện đang điều khiển, trừ các hành vi vi phạm quy định tại điểm h khoản 3 Điều này;\n\nd) Vượt xe trong hầm đường bộ không đúng nơi quy định; quay đầu xe trong hầm đường bộ;\n\nđ) Không nhường đường hoặc gây cản trở xe được quyền ưu tiên đang phát tín hiệu ưu tiên đi làm nhiệm vụ;\n\ne) Không chấp hành hiệu lệnh của đèn tín hiệu giao thông;\n\ng) Không chấp hành hiệu lệnh, hướng dẫn của người điều khiển giao thông hoặc người kiểm soát giao thông;\n\nh) Người đang điều khiển xe sử dụng ô (dù), điện thoại di động, thiết bị âm thanh, trừ thiết bị trợ thính.\n\n5. Phạt tiền từ 1.000.000 đồng đến 2.000.000 đồng đối với người điều khiển xe thực hiện hành vi đi ngược chiều của đường một chiều, đi ngược chiều trên đường có biển “Cấm đi ngược chiều”, trừ hành vi vi phạm quy định tại điểm b khoản 6 Điều này và các trường hợp xe ưu tiên đang đi làm nhiệm vụ khẩn cấp theo quy định.\n\n6. Phạt tiền từ 2.000.000 đồng đến 3.000.000 đồng đối với người điều khiển xe thực hiện một trong các hành vi vi phạm sau đây:\n\na) Sử dụng chân chống hoặc vật khác quệt xuống đường khi xe đang chạy;\n\nb) Điều khiển xe đi vào đường cao tốc, trừ xe phục vụ việc quản lý, bảo trì đường cao tốc;\n\nc) Điều khiển xe trên đường mà trong máu hoặc hơi thở có nồng độ cồn nhưng chưa vượt quá 50 miligam/100 mililít máu hoặc chưa vượt quá 0,25 miligam/1 lít khí thở.\n\n7. Phạt tiền từ 4.000.000 đồng đến 5.000.000 đồng đối với người điều khiển xe thực hiện một trong các hành vi vi phạm sau đây:\n\na) Điều khiển xe chạy quá tốc độ quy định trên 20 km/h;\n\nb) Không chú ý quan sát, điều khiển xe chạy quá tốc độ quy định gây tai nạn giao thông; đi vào đường cao tốc, dừng xe, đỗ xe, quay đầu xe, lùi xe, tránh xe, vượt xe, chuyển hướng, chuyển làn đường không đúng quy định gây tai nạn giao thông; không đi đúng phần đường, làn đường, không giữ khoảng cách an toàn giữa hai xe theo quy định gây tai nạn giao thông hoặc đi vào đường có biển báo hiệu có nội dung cấm đi vào đối với loại phương tiện đang điều khiển, đi ngược chiều của đường một chiều, đi ngược chiều trên đường có biển “Cấm đi ngược chiều” gây tai nạn giao thông, trừ hành vi vi phạm quy định tại điểm d khoản 8 Điều này;\n\nc) Điều khiển xe trên đường mà trong máu hoặc hơi thở có nồng độ cồn vượt quá 50 miligam đến 80 miligam/100 mililít máu hoặc vượt quá 0,25 miligam đến 0,4 miligam/1 lít khí thở.\n\n8. Phạt tiền từ 6.000.000 đồng đến 8.000.000 đồng đối với người điều khiển xe thực hiện một trong các hành vi vi phạm sau đây:', '1. Phạt tiền từ 100.000 đồng đến 200.000 đồng đối với một trong các hành vi vi phạm sau đây:\n\na) Không hướng dẫn hành khách đứng, nằm, ngồi đúng vị trí quy định trong xe;\n\nb) Không mặc đồng phục, không đeo thẻ tên của lái xe theo quy định.\n\n2. Phạt tiền từ 400.000 đồng đến 600.000 đồng trên mỗi người vượt quá quy định được phép chở của phương tiện nhưng tổng mức phạt tiền tối đa không vượt quá 40.000.000 đồng đối với người điều khiển xe ô tô chở hành khách, ô tô chở người (trừ xe buýt) thực hiện hành vi vi phạm: Chở quá từ 02 người trở lên trên xe đến 9 chỗ, chở quá từ 03 người trở lên trên xe 10 chỗ đến xe 15 chỗ, chở quá từ 04 người trở lên trên xe 16 chỗ đến xe 30 chỗ, chở quá từ 05 người trở lên trên xe trên 30 chỗ, trừ các hành vi vi phạm quy định tại khoản 4 Điều này.\n\n3. Phạt tiền từ 600.000 đồng đến 800.000 đồng đối với một trong các hành vi vi phạm sau đây:\n\na) Không đóng cửa lên xuống khi xe đang chạy;\n\nb) Để người ngồi trên xe khi xe lên, xuống phà, cầu phao hoặc khi xe đang ở trên phà (trừ người già yếu, người bệnh, người khuyết tật);\n\nc) Không chạy đúng tuyến đường, lịch trình, hành trình vận tải quy định;\n\nd) Để người mắc võng nằm trên xe hoặc đu bám ở cửa xe, bên ngoài thành xe khi xe đang chạy;\n\nđ) Sắp xếp, chằng buộc hành lý, hàng hóa không bảo đảm an toàn; để rơi hành lý, hàng hóa trên xe xuống đường; để hàng hóa trong khoang chở hành khách;\n\ne) Chở hành lý, hàng hóa vượt quá kích thước bao ngoài của xe;\n\ng) Vận chuyển hàng có mùi hôi thối trên xe chở hành khách;\n\nh) Điều khiển xe vận chuyển hành khách không có nhân viên phục vụ trên xe đối với những xe quy định phải có nhân viên phục vụ;\n\ni) Điều khiển xe taxi không có đồng hồ tính tiền cước (đối với loại xe đăng ký sử dụng đồng hồ tính tiền) hoặc có nhưng không đúng quy định hoặc không sử dụng đồng hồ tính tiền cước theo quy định khi chở khách;\n\nk) Điều khiển xe niêm yết hành trình chạy xe không đúng với hành trình đã được cơ quan có thẩm quyền cấp phép;\n\nl) Điều khiển xe kinh doanh vận tải hành khách theo tuyến cố định thu tiền vé nhưng không trao vé cho hành khách, thu tiền vé cao hơn quy định;\n\nm) Điều khiển xe ô tô kinh doanh vận tải không có dây an toàn tại các vị trí ghế ngồi, giường nằm theo quy định (trừ xe buýt nội tỉnh);\n\nn) Điều khiển xe ô tô kinh doanh vận tải không có hướng dẫn cho hành khách về an toàn giao thông và thoát hiểm khi xảy ra sự cố trên xe theo quy định;\n\no) Điều khiển xe taxi không sử dụng phần mềm tính tiền (đối với loại xe đăng ký sử dụng phần mềm tính tiền) hoặc sử dụng phần mềm tính tiền không bảo đảm các yêu cầu theo quy định;\n\np) Điều khiển xe taxi sử dụng phần mềm tính tiền mà trên xe không có thiết bị để kết nối trực tiếp với hành khách theo quy định.']","Tôi không thấy thông tin về mức phạt cụ thể cho hành vi vượt đèn đỏ trong văn bản bạn cung cấp. Tuy nhiên, tôi có thể cung cấp thông tin về mức phạt cho hành vi vượt đèn đỏ theo quy định chung.

Theo quy định tại Điều 48, khoản 4, điểm e, mức phạt cho hành vi ""Không chấp hành hiệu lệnh của đèn tín hiệu giao thông"" là từ 600.000 đồng đến 1.000.000 đồng.

Tuy nhiên, nếu hành vi vượt đèn đỏ gây tai nạn giao thông hoặc có mức độ nghiêm trọng khác, mức phạt có thể cao hơn.",Phạt tiền từ 3.000.000 đồng đến 5.000.000 đồng đối với người điều khiển xe không chấp hành hiệu lệnh của đèn tín hiệu giao thông,,0.9999999999666667,1.0
Uống rượu bia lái xe máy bị phạt bao nhiêu?,"['c) Điều khiển xe trên đường mà trong máu hoặc hơi thở có nồng độ cồn nhưng chưa vượt quá 50 miligam/100 mililít máu hoặc chưa vượt quá 0,25 miligam/1 lít khí thở.\n\n7. Phạt tiền từ 6.000.000 đồng đến 8.000.000 đồng đối với người điều khiển xe thực hiện một trong các hành vi vi phạm sau đây:\n\na) Không chú ý quan sát, điều khiển xe chạy quá tốc độ quy định gây tai nạn giao thông; dừng xe, đỗ xe, quay đầu xe, lùi xe, tránh xe, vượt xe, chuyển hướng, chuyển làn đường không đúng quy định gây tai nạn giao thông; không đi đúng phần đường, làn đường, không giữ khoảng cách an toàn giữa hai xe theo quy định gây tai nạn giao thông hoặc đi vào đường có biển báo hiệu có nội dung cấm đi vào đối với loại phương tiện đang điều khiển, đi ngược chiều của đường một chiều, đi ngược chiều trên đường có biển “Cấm đi ngược chiều” gây tai nạn giao thông, trừ các hành vi vi phạm quy định tại điểm a, điểm b khoản 8 Điều này;\n\nb) Điều khiển xe trên đường mà trong máu hoặc hơi thở có nồng độ cồn vượt quá 50 miligam đến 80 miligam/100 mililít máu hoặc vượt quá 0,25 miligam đến 0,4 miligam/1 lít khí thở.\n\n8. Phạt tiền từ 10.000.000 đồng đến 12.000.000 đồng đối với người điều khiển xe thực hiện một trong các hành vi vi phạm sau đây:\n\na) Lùi xe trên đường cao tốc; đi ngược chiều trên đường cao tốc;\n\nb) Điều khiển xe máy chuyên dùng có tốc độ thiết kế nhỏ hơn 70 km/h, máy kéo đi vào đường cao tốc, trừ phương tiện, thiết bị phục vụ việc quản lý, bảo trì đường cao tốc;\n\nc) Gây tai nạn giao thông không dừng lại, không giữ nguyên hiện trường, bỏ trốn không đến trình báo với cơ quan có thẩm quyền, không tham gia cấp cứu người bị nạn.\n\n9. Phạt tiền từ 16.000.000 đồng đến 18.000.000 đồng đối với người điều khiển xe thực hiện một trong các hành vi vi phạm sau đây:\n\na) Điều khiển xe trên đường mà trong máu hoặc hơi thở có nồng độ cồn vượt quá 80 miligam/100 mililít máu hoặc vượt quá 0,4 miligam/1 lít khí thở;\n\nb) Không chấp hành yêu cầu kiểm tra về nồng độ cồn của người thi hành công vụ;\n\nc) Điều khiển xe trên đường mà trong cơ thể có chất ma túy;\n\nd) Không chấp hành yêu cầu kiểm tra về chất ma túy của người thi hành công vụ.\n\n10. Ngoài việc bị phạt tiền, người điều khiển xe thực hiện hành vi vi phạm còn bị áp dụng các hình thức xử phạt bổ sung sau đây:\n\na) Thực hiện hành vi quy định tại điểm b, điểm c, điểm g khoản 3; điểm a, điểm c, điểm d, điểm e khoản 4; khoản 5 Điều này bị tước quyền sử dụng Giấy phép lái xe (khi điều khiển máy kéo), chứng chỉ bồi dưỡng kiến thức pháp luật về giao thông đường bộ (khi điều khiển xe máy chuyên dùng) từ 01 tháng đến 03 tháng;', 'Điều 66. Xử phạt đối với lái tàu, phụ lái tàu\n\n1. Phạt tiền từ 300.000 đồng đến 500.000 đồng đối với phụ lái tàu không thực hiện đúng chế độ hô đáp, không giám sát tốc độ chạy tàu, không quan sát tín hiệu, biển báo, biển hiệu để báo cho lái tàu theo quy định.\n\n2. Phạt tiền từ 500.000 đồng đến 1.000.000 đồng đối với lái tàu thực hiện một trong các hành vi vi phạm sau đây:\n\na) Rời vị trí lái máy khi đầu máy đang hoạt động;\n\nb) Chở người không có trách nhiệm hoặc chở hàng hóa trên đầu máy;\n\nc) Làm mất tác dụng của thiết bị cảnh báo để lái tàu tỉnh táo trong khi lái tàu;\n\nd) Không chấp hành hiệu lệnh hoặc chỉ dẫn của tín hiệu, biển hiệu, của người chỉ huy chạy tàu;\n\nđ) Không có hoặc có không đầy đủ cờ, đèn tín hiệu, pháo, chèn trên đầu máy khi lên ban theo quy định.\n\n3. Phạt tiền từ 1.000.000 đồng đến 2.000.000 đồng đối với lái tàu thực hiện một trong các hành vi vi phạm sau đây:\n\na) Dừng tàu không đúng quy định mà không có lý do chính đáng;\n\nb) Điều khiển tàu chạy vượt quá tín hiệu ngừng;\n\nc) Điều khiển tàu chạy quá tốc độ quy định của Công lệnh tốc độ đến 10 km/h.\n\n4. Phạt tiền từ 4.000.000 đồng đến 6.000.000 đồng đối với lái tàu điều khiển tàu chạy quá tốc độ quy định của Công lệnh tốc độ trên 10 km/h đến 20 km/h.\n\n5. Phạt tiền từ 6.000.000 đồng đến 8.000.000 đồng đối với lái tàu thực hiện một trong các hành vi vi phạm sau đây:\n\na) Điều khiển tàu chạy quá tốc độ quy định của Công lệnh tốc độ trên 20 km/h;\n\nb) Khi làm nhiệm vụ mà trong máu hoặc hơi thở có nồng độ cồn nhưng chưa vượt quá 50 miligam/100 mililít máu hoặc chưa vượt quá 0,25 miligam/1 lít khí thở.\n\n6. Phạt tiền từ 16.000.000 đồng đến 18.000.000 đồng đối với hành vi khi làm nhiệm vụ mà trong máu hoặc hơi thở có nồng độ cồn vượt quá 50 miligam đến 80 miligam/100 mililít máu hoặc vượt quá 0,25 miligam đến 0,4 miligam/1 lít khí thở.\n\n7. Phạt tiền từ 30.000.000 đồng đến 40.000.000 đồng đối với một trong các hành vi vi phạm sau đây:\n\na) Khi làm nhiệm vụ mà trong máu hoặc hơi thở có nồng độ cồn vượt quá 80 miligam/100 mililít máu hoặc vượt quá 0,4 miligam/1 lít khí thở;\n\nb) Không chấp hành yêu cầu kiểm tra về nồng độ cồn, chất kích thích khác mà pháp luật cấm sử dụng của người thi hành công vụ;\n\nc) Khi làm nhiệm vụ mà trong cơ thể có chất kích thích khác mà pháp luật cấm sử dụng.\n\n8. Ngoài việc bị phạt tiền, cá nhân thực hiện hành vi vi phạm còn bị áp dụng các hình thức xử phạt bổ sung sau đây:\n\na) Thực hiện hành vi quy định tại khoản 3, khoản 4 Điều này bị tước quyền sử dụng Giấy phép lái tàu từ 01 tháng đến 03 tháng;\n\nb) Thực hiện hành vi quy định tại khoản 5 Điều này bị tước quyền sử dụng Giấy phép lái tàu từ 03 tháng đến 05 tháng;\n\nc) Thực hiện hành vi quy định tại khoản 6 Điều này bị tước quyền sử dụng Giấy phép lái tàu từ 10 tháng đến 12 tháng;\n\nd) Thực hiện hành vi quy định tại khoản 7 Điều này bị tước quyền sử dụng Giấy phép lái tàu từ 22 tháng đến 24 tháng.', 'đ) Chở người ngồi trên xe đạp máy (kể cả xe đạp điện) không đội “mũ bảo hiểm cho người đi mô tô, xe máy” hoặc đội “mũ bảo hiểm cho người đi mô tô, xe máy” không cài quai đúng quy cách, trừ trường hợp chở người bệnh đi cấp cứu, trẻ em dưới 06 tuổi, áp giải người có hành vi vi phạm pháp luật;\n\ne) Điều khiển xe trên đường mà trong máu hoặc hơi thở có nồng độ cồn vượt quá 50 miligam đến 80 miligam/100 mililít máu hoặc vượt quá 0,25 miligam đến 0,4 miligam/1 lít khí thở.\n\n4. Phạt tiền từ 400.000 đồng đến 600.000 đồng đối với người điều khiển xe thực hiện một trong các hành vi vi phạm sau đây:\n\na) Điều khiển xe đi vào đường cao tốc, trừ phương tiện phục vụ việc quản lý, bảo trì đường cao tốc;\n\nb) Gây tai nạn giao thông không dừng lại, không giữ nguyên hiện trường, bỏ trốn không đến trình báo với cơ quan có thẩm quyền, không tham gia cấp cứu người bị nạn;\n\nc) Điều khiển xe trên đường mà trong máu hoặc hơi thở có nồng độ cồn vượt quá 80 miligam/100 mililít máu hoặc vượt quá 0,4 miligam/1 lít khí thở;\n\nd) Không chấp hành yêu cầu kiểm tra về nồng độ cồn của người thi hành công vụ.\n\n5. Ngoài việc bị phạt tiền, người điều khiển phương tiện tái phạm hoặc vi phạm nhiều lần hành vi quy định tại điểm a, điểm b khoản 3 Điều này còn bị áp dụng hình thức xử phạt bổ sung tịch thu phương tiện.\n\nĐiều 9. Xử phạt người đi bộ vi phạm quy tắc giao thông đường bộ\n\n1. Phạt tiền từ 60.000 đồng đến 100.000 đồng đối với người đi bộ thực hiện một trong các hành vi vi phạm sau đây:\n\na) Không đi đúng phần đường quy định; vượt qua dải phân cách; đi qua đường không đúng nơi quy định hoặc không bảo đảm an toàn;\n\nb) Không chấp hành hiệu lệnh hoặc chỉ dẫn của đèn tín hiệu, biển báo hiệu, vạch kẻ đường, trừ hành vi vi phạm quy định tại khoản 2 Điều này;\n\nc) Không chấp hành hiệu lệnh, hướng dẫn của người điều khiển giao thông hoặc người kiểm soát giao thông;\n\nd) Mang, vác vật cồng kềnh gây cản trở giao thông;\n\nđ) Đu, bám vào phương tiện giao thông đang chạy.\n\n2. Phạt tiền từ 100.000 đồng đến 200.000 đồng đối với người đi bộ đi vào đường cao tốc, trừ người phục vụ việc quản lý, bảo trì đường cao tốc.\n\nĐiều 10. Xử phạt người điều khiển, dẫn dắt súc vật, điều khiển xe súc vật kéo vi phạm quy tắc giao thông đường bộ\n\n1. Phạt tiền từ 60.000 đồng đến 100.000 đồng đối với một trong các hành vi vi phạm sau đây:\n\na) Không nhường đường theo quy định, không báo hiệu bằng tay khi chuyển hướng;\n\nb) Không chấp hành hiệu lệnh hoặc chỉ dẫn của đèn tín hiệu, biển báo hiệu, vạch kẻ đường, trừ hành vi vi phạm quy định tại khoản 3 Điều này;\n\nc) Không đủ dụng cụ đựng chất thải của súc vật hoặc không dọn sạch chất thải của súc vật thải ra đường, hè phố;\n\nd) Điều khiển, dẫn dắt súc vật đi không đúng phần đường quy định, đi vào đường cấm, khu vực cấm, đi vào phần đường của xe cơ giới;\n\nđ) Để súc vật đi trên đường bộ không bảo đảm an toàn cho người và phương tiện đang tham gia giao thông;\n\ne) Đi dàn hàng ngang từ 02 xe trở lên;\n\ng) Để súc vật kéo xe mà không có người điều khiển;']","Theo thông tin bạn cung cấp, không có thông tin cụ thể về mức phạt đối với hành vi uống rượu bia lái xe máy. Tuy nhiên, dựa trên các thông tin liên quan, tôi có thể đưa ra một số thông tin liên quan.

Theo Điều 8 của Nghị định 100/2019/NĐ-CP, người điều khiển xe máy có nồng độ cồn vượt quá 50 miligam đến 80 miligam/100 mililít máu hoặc vượt quá 0,25 miligam đến 0,4 miligam/1 lít khí thở sẽ bị phạt tiền từ 6.000.000 đồng đến 8.000.000 đồng.

Tuy nhiên, mức phạt này áp dụng cho người điều khiển xe ô tô, xe máy chuyên dùng, xe đầu kéo, xe ô tô tải, xe ô tô khách, xe buýt, xe máy chuyên dùng, xe đạp điện, xe đạp máy, xe đạp thể thao, xe lăn, xe tay ga, xe máy, xe mô tô, xe ô tô, xe ô tô chở hàng, xe ô tô chở người, xe ô tô chở hàng hóa, xe ô tô chở người, xe ô tô chở hàng hóa, xe ô tô chở người, xe ô tô chở hàng hóa, xe ô tô chở người, xe ô tô chở hàng hóa, xe ô tô chở người, xe ô tô chở hàng hóa, xe ô tô chở người, xe ô tô chở hàng hóa, xe ô tô chở người, xe ô tô chở hàng hóa, xe ô tô chở người, xe ô tô chở hàng hóa, xe ô tô chở người, xe ô tô chở hàng hóa, xe ô tô chở người, xe ô tô chở hàng hóa, xe ô tô chở người, xe ô tô chở hàng hóa, xe ô tô chở người, xe ô tô chở hàng hóa, xe ô tô chở người, xe ô tô chở hàng hóa, xe ô tô chở người, xe ô tô chở hàng hóa, xe ô tô chở người, xe ô tô chở hàng hóa, xe ô tô chở người, xe ô tô chở hàng hóa, xe ô tô chở người, xe ô tô chở hàng hóa, xe ô tô chở người, xe ô tô chở hàng hóa, xe ô tô chở người, xe ô tô chở hàng hóa, xe ô tô chở người, xe ô tô chở hàng hóa, xe ô tô chở người, xe ô tô chở hàng hóa, xe ô tô chở người, xe ô tô chở hàng hóa, xe ô tô chở người, xe ô tô chở hàng hóa, xe ô tô chở người, xe ô tô chở hàng hóa, xe ô tô chở người, xe ô tô chở hàng hóa, xe ô tô chở người, xe ô tô chở hàng hóa, xe ô tô chở người, xe ô tô chở hàng hóa, xe ô tô chở người, xe ô tô chở hàng hóa, xe ô tô chở người, xe ô tô chở hàng hóa, xe ô tô chở người, xe ô tô chở hàng hóa, xe ô tô chở người, xe ô tô chở hàng hóa, xe ô tô chở người, xe ô tô chở hàng hóa, xe ô tô chở người, xe ô tô chở hàng hóa, xe ô tô chở người, xe ô tô chở hàng hóa, xe ô tô chở người, xe ô tô chở hàng hóa, xe ô tô chở người, xe ô tô chở hàng hóa, xe ô tô chở người, xe ô tô chở hàng hóa, xe ô tô chở người, xe ô tô chở hàng hóa, xe ô tô chở người, xe ô tô chở hàng hóa, xe ô tô chở người, xe ô tô chở hàng hóa, xe ô tô chở người, xe ô tô chở hàng hóa, xe ô tô chở người, xe ô tô chở hàng hóa, xe ô tô chở người, xe ô tô chở hàng hóa, xe ô tô chở người, xe ô tô chở hàng hóa, xe ô tô chở người, xe ô tô chở hàng hóa, xe ô tô chở người, xe ô tô chở hàng hóa, xe ô tô chở người, xe ô tô chở hàng hóa, xe ô tô chở người, xe ô tô chở hàng hóa, xe ô tô chở người, xe ô tô chở hàng hóa, xe ô tô chở người, xe ô tô chở hàng hóa, xe ô tô chở người, xe ô tô chở hàng hóa, xe ô tô chở người, xe ô tô chở hàng hóa, xe ô tô chở người, xe ô tô chở hàng hóa, xe ô tô chở người, xe ô tô chở hàng hóa, xe ô tô chở người, xe ô tô chở hàng hóa, xe ô tô chở người, xe ô tô chở hàng hóa, xe ô tô chở người, xe ô tô chở hàng hóa, xe ô tô chở người, xe ô tô chở hàng hóa, xe ô tô chở người, xe ô tô chở hàng hóa, xe ô tô chở người, xe ô tô chở hàng hóa, xe ô tô chở người, xe ô tô chở hàng hóa, xe ô tô chở người, xe ô tô chở hàng hóa, xe ô tô chở người, xe ô tô chở hàng hóa, xe ô tô chở người, xe ô tô chở hàng hóa, xe ô tô chở người, xe ô tô chở hàng hóa, xe ô tô chở người, xe ô tô chở hàng hóa, xe ô tô chở người, xe ô tô chở hàng hóa, xe ô tô chở người, xe ô tô chở hàng hóa, xe ô tô chở người, xe ô tô chở hàng hóa, xe ô tô chở người, xe ô tô chở hàng hóa, xe ô tô chở người, xe ô tô chở hàng hóa, xe ô tô chở người, xe ô tô chở hàng hóa, xe ô tô chở người, xe ô tô chở hàng hóa, xe ô tô chở người, xe ô tô chở hàng hóa, xe ô tô chở người, xe ô tô chở hàng hóa, xe ô tô chở người, xe ô tô chở hàng hóa, xe ô tô chở người, xe ô tô chở hàng hóa, xe ô tô chở người, xe ô tô chở hàng hóa, xe ô tô chở người, xe ô tô chở hàng hóa, xe ô tô chở người, xe ô tô chở hàng hóa, xe ô tô chở người, xe ô tô chở hàng hóa, xe ô tô chở người, xe ô tô chở hàng hóa, xe ô tô chở người, xe ô tô chở hàng hóa, xe ô tô chở người, xe ô tô chở hàng hóa, xe ô tô chở người, xe ô tô chở hàng hóa, xe ô tô chở người, xe ô tô chở hàng hóa, xe ô tô chở người, xe ô tô chở hàng hóa, xe ô tô chở người, xe ô tô chở hàng hóa, xe ô tô chở người, xe ô tô chở hàng hóa, xe ô tô chở người, xe ô tô chở hàng hóa, xe ô tô chở người, xe ô tô chở hàng hóa, xe ô tô chở người, xe ô tô chở hàng hóa, xe ô tô chở người, xe ô tô chở hàng hóa, xe ô tô chở người, xe ô tô chở hàng hóa, xe ô tô chở người, xe ô tô chở hàng hóa, xe ô tô chở người, xe ô tô chở hàng hóa, xe ô tô chở người, xe ô tô chở hàng hóa, xe ô tô chở người, xe ô tô chở hàng hóa, xe ô tô chở người, xe ô tô chở hàng hóa, xe ô tô chở người, xe ô tô chở hàng hóa, xe ô tô chở người, xe ô tô chở hàng hóa, xe ô tô chở người, xe ô tô chở hàng hóa, xe ô tô chở người, xe ô tô chở hàng hóa, xe ô tô chở người, xe ô tô chở hàng hóa, xe ô tô chở người, xe ô tô chở hàng hóa, xe ô tô chở người, xe ô tô chở hàng hóa, xe ô tô chở người, xe ô tô chở hàng hóa, xe ô tô chở người, xe ô tô chở hàng hóa, xe ô tô chở người, xe ô tô chở hàng hóa, xe ô tô chở người, xe ô tô chở hàng hóa, xe ô tô chở người, xe ô tô chở hàng hóa, xe ô tô chở người, xe ô tô chở hàng hóa, xe ô tô chở người, xe ô tô chở hàng hóa, xe ô tô chở người, xe ô tô chở hàng hóa, xe ô tô chở người, xe ô tô chở hàng hóa, xe ô tô chở người, xe ô tô chở hàng hóa, xe ô tô chở người, xe ô tô chở hàng hóa, xe ô tô chở người, xe ô tô chở hàng hóa, xe ô tô chở người, xe ô tô chở hàng hóa, xe ô tô chở người, xe ô tô chở hàng hóa, xe ô tô chở người, xe ô tô chở hàng hóa, xe ô tô chở",Phạt tiền từ 2.000.000 đồng đến 3.000.000 đồng đối với người điều khiển xe mô tô có nồng độ cồn vượt quá mức quy định,,0.9999999999,1.0
Không đội mũ bảo hiểm khi đi xe máy bị phạt bao nhiêu?,"['đ) Để súc vật đi trên đường bộ không bảo đảm an toàn cho người và phương tiện đang tham gia giao thông;\n\ne) Đi dàn hàng ngang từ 02 xe trở lên;\n\ng) Để súc vật kéo xe mà không có người điều khiển;\n\nh) Điều khiển xe không có báo hiệu theo quy định.\n\n2. Phạt tiền từ 100.000 đồng đến 200.000 đồng đối với một trong các hành vi vi phạm sau đây:\n\na) Không chấp hành hiệu lệnh, hướng dẫn của người điều khiển giao thông hoặc người kiểm soát giao thông;\n\nb) Dắt súc vật chạy theo khi đang điều khiển hoặc ngồi trên phương tiện giao thông đường bộ;\n\nc) Xếp hàng hóa trên xe vượt quá giới hạn quy định.\n\n3. Phạt tiền từ 400.000 đồng đến 600.000 đồng đối với người điều khiển, dẫn dắt súc vật, điều khiển xe súc vật kéo đi vào đường cao tốc trái quy định.\n\nĐiều 11. Xử phạt các hành vi vi phạm khác về quy tắc giao thông đường bộ\n\n1. Phạt tiền từ 80.000 đồng đến 100.000 đồng đối với người được chở trên xe đạp, xe đạp máy sử dụng ô (dù).\n\n2. Phạt tiền từ 100.000 đồng đến 200.000 đồng đối với cá nhân thực hiện một trong các hành vi vi phạm sau đây:\n\na) Tập trung đông người trái phép, nằm, ngồi trên đường bộ gây cản trở giao thông;\n\nb) Đá bóng, đá cầu, chơi cầu lông hoặc các hoạt động thể thao khác trái phép trên đường bộ; sử dụng bàn trượt, pa-tanh, các thiết bị tương tự trên phần đường xe chạy;\n\nc) Người được chở trên xe mô tô, xe gắn máy (kể cả xe máy điện), các loại xe tương tự xe mô tô và các loại xe tương tự xe gắn máy sử dụng ô (dù);\n\nd) Người được chở trên xe đạp, xe đạp máy bám, kéo, đẩy xe khác, vật khác, mang vác vật cồng kềnh.\n\n3. Phạt tiền từ 200.000 đồng đến 300.000 đồng đối với người được chở trên xe mô tô, xe gắn máy (kể cả xe máy điện), các loại xe tương tự xe mô tô, các loại xe tương tự xe gắn máy, xe đạp máy (kể cả xe đạp điện) không đội “mũ bảo hiểm cho người đi mô tô, xe máy” hoặc đội “mũ bảo hiểm cho người đi mô tô, xe máy” không cài quai đúng quy cách khi tham gia giao thông trên đường bộ.\n\n4. Phạt tiền từ 200.000 đồng đến 400.000 đồng đối với cá nhân, từ 400.000 đồng đến 800.000 đồng đối với tổ chức để vật che khuất biển báo, đèn tín hiệu giao thông.\n\n5. Phạt tiền từ 300.000 đồng đến 500.000 đồng đối với người được chở trên xe ô tô không thắt dây an toàn (tại vị trí có trang bị dây an toàn) khi xe đang chạy.\n\n6. Phạt tiền từ 400.000 đồng đến 600.000 đồng đối với người được chở trên xe mô tô, xe gắn máy (kể cả xe máy điện), các loại xe tương tự xe mô tô, các loại xe tương tự xe gắn máy bám, kéo, đẩy xe khác, vật khác, dẫn dắt súc vật, mang vác vật cồng kềnh, đứng trên yên, giá đèo hàng hoặc ngồi trên tay lái.\n\n7. Phạt tiền từ 500.000 đồng đến 1.000.000 đồng đối với cá nhân, từ 1.000.000 đồng đến 2.000.000 đồng đối với tổ chức thực hiện một trong các hành vi vi phạm sau đây:\n\na) Không cứu giúp người bị tai nạn giao thông khi có yêu cầu;\n\nb) Ném gạch, đất, đá, cát hoặc vật thể khác vào phương tiện đang tham gia giao thông trên đường bộ.', 'i) Không đội “mũ bảo hiểm cho người đi mô tô, xe máy” hoặc đội “mũ bảo hiểm cho người đi mô tô, xe máy” không cài quai đúng quy cách khi điều khiển xe tham gia giao thông trên đường bộ;\n\nk) Chở người ngồi trên xe không đội “mũ bảo hiểm cho người đi mô tô, xe máy” hoặc đội “mũ bảo hiểm cho người đi mô tô, xe máy” không cài quai đúng quy cách, trừ trường hợp chở người bệnh đi cấp cứu, trẻ em dưới 06 tuổi, áp giải người có hành vi vi phạm pháp luật;\n\nl) Chở theo 02 người trên xe, trừ trường hợp chở người bệnh đi cấp cứu, trẻ em dưới 14 tuổi, áp giải người có hành vi vi phạm pháp luật;\n\nm) Ngồi phía sau vòng tay qua người ngồi trước để điều khiển xe, trừ trường hợp chở trẻ em ngồi phía trước.\n\n3. Phạt tiền từ 400.000 đồng đến 600.000 đồng đối với người điều khiển xe thực hiện một trong các hành vi vi phạm sau đây:\n\na) Chuyển hướng không giảm tốc độ hoặc không có tín hiệu báo hướng rẽ (trừ trường hợp điều khiển xe đi theo hướng cong của đoạn đường bộ ở nơi đường không giao nhau cùng mức);\n\nb) Chở theo từ 03 người trở lên trên xe;\n\nc) Bấm còi, rú ga (nẹt pô) liên tục trong đô thị, khu đông dân cư, trừ các xe ưu tiên đang đi làm nhiệm vụ theo quy định;\n\nd) Dừng xe, đỗ xe trên cầu;\n\nđ) Điều khiển xe thành đoàn gây cản trở giao thông, trừ trường hợp được cơ quan có thẩm quyền cấp phép;\n\ne) Điều khiển xe có liên quan trực tiếp đến vụ tai nạn giao thông mà không dừng lại, không giữ nguyên hiện trường, không tham gia cấp cứu người bị nạn, trừ hành vi vi phạm quy định tại điểm đ khoản 8 Điều này;\n\ng) Điều khiển xe không đi bên phải theo chiều đi của mình; đi không đúng phần đường, làn đường quy định (làn cùng chiều hoặc làn ngược chiều); điều khiển xe đi qua dải phân cách cố định ở giữa hai phần đường xe chạy; điều khiển xe đi trên hè phố, trừ trường hợp điều khiển xe đi qua hè phố để vào nhà;\n\nh) Vượt bên phải trong trường hợp không được phép;\n\ni) Đi vào khu vực cấm, đường có biển báo hiệu có nội dung cấm đi vào đối với loại phương tiện đang điều khiển, trừ các hành vi vi phạm quy định tại khoản 5, điểm b khoản 6 Điều này và các trường hợp xe ưu tiên đang đi làm nhiệm vụ khẩn cấp theo quy định;\n\nk) Người đang điều khiển xe hoặc chở người ngồi trên xe bám, kéo, đẩy xe khác, vật khác, dẫn dắt súc vật, mang vác vật cồng kềnh; chở người đứng trên yên, giá đèo hàng hoặc ngồi trên tay lái; xếp hàng hóa trên xe vượt quá giới hạn quy định; điều khiển xe kéo theo xe khác, vật khác;\n\nl) Chở hàng vượt trọng tải thiết kế được ghi trong Giấy đăng ký xe đối với loại xe có quy định về trọng tải thiết kế;\n\nm) Chạy trong hầm đường bộ không sử dụng đèn chiếu sáng gần.\n\n4. Phạt tiền từ 600.000 đồng đến 1.000.000 đồng đối với người điều khiển xe thực hiện một trong các hành vi vi phạm sau đây:\n\na) Điều khiển xe chạy quá tốc độ quy định từ 10 km/h đến 20 km/h;\n\nb) Dừng xe, đỗ xe trong hầm đường bộ không đúng nơi quy định;', 'c) Người điều khiển xe mô tô và các loại xe tương tự xe mô tô không mang theo Giấy phép lái xe, trừ hành vi vi phạm quy định tại điểm b khoản 5, điểm c khoản 7 Điều này.\n\n3. Phạt tiền từ 200.000 đồng đến 400.000 đồng đối với một trong các hành vi vi phạm sau đây:\n\na) Người điều khiển xe ô tô, máy kéo và các loại xe tương tự xe ô tô không mang theo Giấy phép lái xe, trừ hành vi vi phạm quy định tại điểm c khoản 8 Điều này;\n\nb) Người điều khiển xe ô tô, máy kéo và các loại xe tương tự xe ô tô không mang theo Giấy đăng ký xe (kể cả rơ moóc và sơ mi rơ moóc);\n\nc) Người điều khiển xe ô tô, máy kéo và các loại xe tương tự xe ô tô không mang theo Giấy chứng nhận kiểm định an toàn kỹ thuật và bảo vệ môi trường (đối với loại xe có quy định phải kiểm định, kể cả rơ moóc và sơ mi rơ moóc).\n\n4. Phạt tiền từ 400.000 đồng đến 600.000 đồng đối với một trong các hành vi vi phạm sau đây:\n\na) Người từ đủ 16 tuổi đến dưới 18 tuổi điều khiển xe mô tô có dung tích xi lanh từ 50 cm3 trở lên;\n\nb) Người điều khiển xe ô tô, máy kéo và các loại xe tương tự xe ô tô không có hoặc không mang theo Giấy chứng nhận bảo hiểm trách nhiệm dân sự của chủ xe cơ giới còn hiệu lực;\n\nc) Người điều khiển xe ô tô, máy kéo và các loại xe tương tự xe ô tô có Giấy phép lái xe nhưng đã hết hạn sử dụng dưới 06 tháng.\n\n5. Phạt tiền từ 800.000 đồng đến 1.200.000 đồng đối với người điều khiển xe mô tô hai bánh có dung tích xi lanh dưới 175 cm3 và các loại xe tương tự xe mô tô thực hiện một trong các hành vi vi phạm sau đây:\n\na) Không có Giấy phép lái xe hoặc sử dụng Giấy phép lái xe không do cơ quan có thẩm quyền cấp, Giấy phép lái xe bị tẩy xóa;\n\nb) Có Giấy phép lái xe quốc tế do các nước tham gia Công ước về Giao thông đường bộ năm 1968 cấp (trừ Giấy phép lái xe quốc tế do Việt Nam cấp) nhưng không mang theo Giấy phép lái xe quốc gia;\n\nc) Sử dụng Giấy phép lái xe không hợp lệ (Giấy phép lái xe có số phôi ghi ở mặt sau không trùng với số phôi được cấp mới nhất trong hệ thống thông tin quản lý Giấy phép lái xe).\n\n6. Phạt tiền từ 1.200.000 đồng đến 3.000.000 đồng đối với người từ đủ 16 tuổi đến dưới 18 tuổi điều khiển xe ô tô, máy kéo, các loại xe tương tự xe ô tô.\n\n7. Phạt tiền từ 3.000.000 đồng đến 4.000.000 đồng đối với người điều khiển xe mô tô hai bánh có dung tích xi lanh từ 175 cm3 trở lên, xe mô tô ba bánh thực hiện một trong các hành vi vi phạm sau đây:\n\na) Có Giấy phép lái xe nhưng không phù hợp với loại xe đang điều khiển;\n\nb) Không có Giấy phép lái xe hoặc sử dụng Giấy phép lái xe không do cơ quan có thẩm quyền cấp, Giấy phép lái xe bị tẩy xóa;\n\nc) Có Giấy phép lái xe quốc tế do các nước tham gia Công ước về Giao thông đường bộ năm 1968 cấp (trừ Giấy phép lái xe quốc tế do Việt Nam cấp) nhưng không mang theo Giấy phép lái xe quốc gia;\n\nd) Sử dụng Giấy phép lái xe không hợp lệ (Giấy phép lái xe có số phôi ghi ở mặt sau không trùng với số phôi được cấp mới nhất trong hệ thống thông tin quản lý Giấy phép lái xe).']","Theo quy định tại Điều 11, khoản 3, điểm k, khoản 4, điểm a và khoản 7, điểm a của văn bản quy định, người điều khiển xe máy không đội mũ bảo hiểm hoặc đội mũ bảo hiểm không cài quai đúng quy cách khi tham gia giao thông trên đường bộ sẽ bị phạt tiền từ 200.000 đồng đến 300.000 đồng (khi không đội mũ bảo hiểm) hoặc từ 400.000 đồng đến 600.000 đồng (khi đội mũ bảo hiểm không cài quai đúng quy cách).",Phạt tiền từ 400.000 đồng đến 600.000 đồng đối với người điều khiển xe mô tô không đội mũ bảo hiểm,,0.99999999995,1.0
Chạy quá tốc độ từ 10 đến 20 km/h bị phạt bao nhiêu?,"['4. Phạt tiền từ 600.000 đồng đến 1.000.000 đồng đối với người điều khiển xe thực hiện một trong các hành vi vi phạm sau đây:\n\na) Điều khiển xe chạy quá tốc độ quy định từ 10 km/h đến 20 km/h;\n\nb) Dừng xe, đỗ xe trong hầm đường bộ không đúng nơi quy định;\n\nc) Vượt xe trong những trường hợp không được vượt, vượt xe tại đoạn đường có biển báo hiệu có nội dung cấm vượt đối với loại phương tiện đang điều khiển, trừ các hành vi vi phạm quy định tại điểm h khoản 3 Điều này;\n\nd) Vượt xe trong hầm đường bộ không đúng nơi quy định; quay đầu xe trong hầm đường bộ;\n\nđ) Không nhường đường hoặc gây cản trở xe được quyền ưu tiên đang phát tín hiệu ưu tiên đi làm nhiệm vụ;\n\ne) Không chấp hành hiệu lệnh của đèn tín hiệu giao thông;\n\ng) Không chấp hành hiệu lệnh, hướng dẫn của người điều khiển giao thông hoặc người kiểm soát giao thông;\n\nh) Người đang điều khiển xe sử dụng ô (dù), điện thoại di động, thiết bị âm thanh, trừ thiết bị trợ thính.\n\n5. Phạt tiền từ 1.000.000 đồng đến 2.000.000 đồng đối với người điều khiển xe thực hiện hành vi đi ngược chiều của đường một chiều, đi ngược chiều trên đường có biển “Cấm đi ngược chiều”, trừ hành vi vi phạm quy định tại điểm b khoản 6 Điều này và các trường hợp xe ưu tiên đang đi làm nhiệm vụ khẩn cấp theo quy định.\n\n6. Phạt tiền từ 2.000.000 đồng đến 3.000.000 đồng đối với người điều khiển xe thực hiện một trong các hành vi vi phạm sau đây:\n\na) Sử dụng chân chống hoặc vật khác quệt xuống đường khi xe đang chạy;\n\nb) Điều khiển xe đi vào đường cao tốc, trừ xe phục vụ việc quản lý, bảo trì đường cao tốc;\n\nc) Điều khiển xe trên đường mà trong máu hoặc hơi thở có nồng độ cồn nhưng chưa vượt quá 50 miligam/100 mililít máu hoặc chưa vượt quá 0,25 miligam/1 lít khí thở.\n\n7. Phạt tiền từ 4.000.000 đồng đến 5.000.000 đồng đối với người điều khiển xe thực hiện một trong các hành vi vi phạm sau đây:\n\na) Điều khiển xe chạy quá tốc độ quy định trên 20 km/h;\n\nb) Không chú ý quan sát, điều khiển xe chạy quá tốc độ quy định gây tai nạn giao thông; đi vào đường cao tốc, dừng xe, đỗ xe, quay đầu xe, lùi xe, tránh xe, vượt xe, chuyển hướng, chuyển làn đường không đúng quy định gây tai nạn giao thông; không đi đúng phần đường, làn đường, không giữ khoảng cách an toàn giữa hai xe theo quy định gây tai nạn giao thông hoặc đi vào đường có biển báo hiệu có nội dung cấm đi vào đối với loại phương tiện đang điều khiển, đi ngược chiều của đường một chiều, đi ngược chiều trên đường có biển “Cấm đi ngược chiều” gây tai nạn giao thông, trừ hành vi vi phạm quy định tại điểm d khoản 8 Điều này;\n\nc) Điều khiển xe trên đường mà trong máu hoặc hơi thở có nồng độ cồn vượt quá 50 miligam đến 80 miligam/100 mililít máu hoặc vượt quá 0,25 miligam đến 0,4 miligam/1 lít khí thở.\n\n8. Phạt tiền từ 6.000.000 đồng đến 8.000.000 đồng đối với người điều khiển xe thực hiện một trong các hành vi vi phạm sau đây:', 'c) Điều khiển xe trên đường mà trong máu hoặc hơi thở có nồng độ cồn nhưng chưa vượt quá 50 miligam/100 mililít máu hoặc chưa vượt quá 0,25 miligam/1 lít khí thở.\n\n7. Phạt tiền từ 10.000.000 đồng đến 12.000.000 đồng đối với người điều khiển xe thực hiện một trong các hành vi vi phạm sau đây:\n\na) Không chú ý quan sát, điều khiển xe chạy quá tốc độ quy định gây tai nạn giao thông; dừng xe, đỗ xe, quay đầu xe, lùi xe, tránh xe, vượt xe, chuyển hướng, chuyển làn đường không đúng quy định gây tai nạn giao thông; không đi đúng phần đường, làn đường, không giữ khoảng cách an toàn giữa hai xe theo quy định gây tai nạn giao thông hoặc đi vào đường có biển báo hiệu có nội dung cấm đi vào đối với loại phương tiện đang điều khiển, đi ngược chiều của đường một chiều, đi ngược chiều trên đường có biển “Cấm đi ngược chiều” gây tai nạn giao thông, trừ các hành vi vi phạm quy định tại điểm a khoản 8 Điều này;\n\nb) Điều khiển xe lạng lách, đánh võng; chạy quá tốc độ đuổi nhau trên đường bộ; dùng chân điều khiển vô lăng xe khi xe đang chạy trên đường;\n\nc) Điều khiển xe chạy quá tốc độ quy định trên 35 km/h.\n\n8. Phạt tiền từ 16.000.000 đồng đến 18.000.000 đồng đối với người điều khiển xe thực hiện một trong các hành vi vi phạm sau đây:\n\na) Điều khiển xe đi ngược chiều trên đường cao tốc, lùi xe trên đường cao tốc, trừ các xe ưu tiên đang đi làm nhiệm vụ khẩn cấp theo quy định;\n\nb) Gây tai nạn giao thông không dừng lại, không giữ nguyên hiện trường, bỏ trốn không đến trình báo với cơ quan có thẩm quyền, không tham gia cấp cứu người bị nạn;\n\nc) Điều khiển xe trên đường mà trong máu hoặc hơi thở có nồng độ cồn vượt quá 50 miligam đến 80 miligam/100 mililít máu hoặc vượt quá 0,25 miligam đến 0,4 miligam/1 lít khí thở.\n\n9. Phạt tiền từ 18.000.000 đồng đến 20.000.000 đồng đối với hành vi vi phạm quy định tại điểm b khoản 7 Điều này mà không chấp hành hiệu lệnh dừng xe của người thi hành công vụ hoặc gây tai nạn giao thông.\n\n10. Phạt tiền từ 30.000.000 đồng đến 40.000.000 đồng đối với người điều khiển xe thực hiện một trong các hành vi vi phạm sau đây:\n\na) Điều khiển xe trên đường mà trong máu hoặc hơi thở có nồng độ cồn vượt quá 80 miligam/100 mililít máu hoặc vượt quá 0,4 miligam/1 lít khí thở;\n\nb) Không chấp hành yêu cầu kiểm tra về nồng độ cồn của người thi hành công vụ;\n\nc) Điều khiển xe trên đường mà trong cơ thể có chất ma túy;\n\nd) Không chấp hành yêu cầu kiểm tra về chất ma túy của người thi hành công vụ.\n\n11. Ngoài việc bị phạt tiền, người điều khiển xe thực hiện hành vi vi phạm còn bị áp dụng các hình thức xử phạt bổ sung sau đây:\n\na) Thực hiện hành vi quy định tại điểm e khoản 4 Điều này bị tịch thu thiết bị phát tín hiệu ưu tiên lắp đặt sử dụng trái quy định;\n\nb) Thực hiện hành vi quy định tại điểm đ khoản 2; điểm h, điểm i khoản 3; khoản 4; điểm a, điểm b, điểm d, điểm đ, điểm g, điểm h, điểm i khoản 5 Điều này bị tước quyền sử dụng Giấy phép lái xe từ 01 tháng đến 03 tháng;', 'c) Điều khiển xe trên đường mà trong máu hoặc hơi thở có nồng độ cồn nhưng chưa vượt quá 50 miligam/100 mililít máu hoặc chưa vượt quá 0,25 miligam/1 lít khí thở.\n\n7. Phạt tiền từ 6.000.000 đồng đến 8.000.000 đồng đối với người điều khiển xe thực hiện một trong các hành vi vi phạm sau đây:\n\na) Không chú ý quan sát, điều khiển xe chạy quá tốc độ quy định gây tai nạn giao thông; dừng xe, đỗ xe, quay đầu xe, lùi xe, tránh xe, vượt xe, chuyển hướng, chuyển làn đường không đúng quy định gây tai nạn giao thông; không đi đúng phần đường, làn đường, không giữ khoảng cách an toàn giữa hai xe theo quy định gây tai nạn giao thông hoặc đi vào đường có biển báo hiệu có nội dung cấm đi vào đối với loại phương tiện đang điều khiển, đi ngược chiều của đường một chiều, đi ngược chiều trên đường có biển “Cấm đi ngược chiều” gây tai nạn giao thông, trừ các hành vi vi phạm quy định tại điểm a, điểm b khoản 8 Điều này;\n\nb) Điều khiển xe trên đường mà trong máu hoặc hơi thở có nồng độ cồn vượt quá 50 miligam đến 80 miligam/100 mililít máu hoặc vượt quá 0,25 miligam đến 0,4 miligam/1 lít khí thở.\n\n8. Phạt tiền từ 10.000.000 đồng đến 12.000.000 đồng đối với người điều khiển xe thực hiện một trong các hành vi vi phạm sau đây:\n\na) Lùi xe trên đường cao tốc; đi ngược chiều trên đường cao tốc;\n\nb) Điều khiển xe máy chuyên dùng có tốc độ thiết kế nhỏ hơn 70 km/h, máy kéo đi vào đường cao tốc, trừ phương tiện, thiết bị phục vụ việc quản lý, bảo trì đường cao tốc;\n\nc) Gây tai nạn giao thông không dừng lại, không giữ nguyên hiện trường, bỏ trốn không đến trình báo với cơ quan có thẩm quyền, không tham gia cấp cứu người bị nạn.\n\n9. Phạt tiền từ 16.000.000 đồng đến 18.000.000 đồng đối với người điều khiển xe thực hiện một trong các hành vi vi phạm sau đây:\n\na) Điều khiển xe trên đường mà trong máu hoặc hơi thở có nồng độ cồn vượt quá 80 miligam/100 mililít máu hoặc vượt quá 0,4 miligam/1 lít khí thở;\n\nb) Không chấp hành yêu cầu kiểm tra về nồng độ cồn của người thi hành công vụ;\n\nc) Điều khiển xe trên đường mà trong cơ thể có chất ma túy;\n\nd) Không chấp hành yêu cầu kiểm tra về chất ma túy của người thi hành công vụ.\n\n10. Ngoài việc bị phạt tiền, người điều khiển xe thực hiện hành vi vi phạm còn bị áp dụng các hình thức xử phạt bổ sung sau đây:\n\na) Thực hiện hành vi quy định tại điểm b, điểm c, điểm g khoản 3; điểm a, điểm c, điểm d, điểm e khoản 4; khoản 5 Điều này bị tước quyền sử dụng Giấy phép lái xe (khi điều khiển máy kéo), chứng chỉ bồi dưỡng kiến thức pháp luật về giao thông đường bộ (khi điều khiển xe máy chuyên dùng) từ 01 tháng đến 03 tháng;']","Theo thông tin bạn cung cấp, chạy quá tốc độ từ 10 đến 20 km/h bị phạt từ 600.000 đồng đến 1.000.000 đồng.",Phạt tiền từ 800.000 đồng đến 1.000.000 đồng đối với người điều khiển xe mô tô chạy quá tốc độ từ 10 đến 20 km/h,,0.9999999999666667,1.0
Đi ngược chiều bị phạt bao nhiêu?,"['c) Đi ngược chiều của đường một chiều, đi ngược chiều trên đường có biển “Cấm đi ngược chiều”, trừ các hành vi vi phạm quy định tại điểm a khoản 8 Điều này và các trường hợp xe ưu tiên đang đi làm nhiệm vụ khẩn cấp theo quy định;\n\nd) Vượt xe trong những trường hợp không được vượt, vượt xe tại đoạn đường có biển báo hiệu có nội dung cấm vượt (đối với loại phương tiện đang điều khiển); không có báo hiệu trước khi vượt; vượt bên phải xe khác trong trường hợp không được phép, trừ trường hợp tại đoạn đường có nhiều làn đường cho xe đi cùng chiều được phân biệt bằng vạch kẻ phân làn đường mà xe chạy trên làn đường bên phải chạy nhanh hơn xe đang chạy trên làn đường bên trái;\n\nđ) Điều khiển xe không đi bên phải theo chiều đi của mình; đi không đúng phần đường hoặc làn đường quy định (làn cùng chiều hoặc làn ngược chiều) trừ hành vi quy định tại điểm c khoản 4 Điều này; điều khiển xe đi qua dải phân cách cố định ở giữa hai phần đường xe chạy; điều khiển xe đi trên hè phố, trừ trường hợp điều khiển xe đi qua hè phố để vào nhà;\n\ne) Tránh xe đi ngược chiều không đúng quy định, trừ hành vi vi phạm sử dụng đèn chiếu xa khi tránh xe đi ngược chiều quy định tại điểm g khoản 3 Điều này; không nhường đường cho xe đi ngược chiều theo quy định tại nơi đường hẹp, đường dốc, nơi có chướng ngại vật;\n\ng) Không tuân thủ các quy định khi vào hoặc ra đường cao tốc; điều khiển xe chạy ở làn dừng xe khẩn cấp hoặc phần lề đường của đường cao tốc; chuyển làn đường không đúng nơi cho phép hoặc không có tín hiệu báo trước khi chạy trên đường cao tốc; không tuân thủ quy định về khoảng cách an toàn đối với xe chạy liền trước khi chạy trên đường cao tốc;\n\nh) Không nhường đường hoặc gây cản trở xe được quyền ưu tiên đang phát tín hiệu ưu tiên đi làm nhiệm vụ;\n\ni) Điều khiển xe chạy quá tốc độ quy định từ 10 km/h đến 20 km/h.\n\n6. Phạt tiền từ 6.000.000 đồng đến 8.000.000 đồng đối với người điều khiển xe thực hiện một trong các hành vi vi phạm sau đây:\n\na) Điều khiển xe chạy quá tốc độ quy định trên 20 km/h đến 35 km/h;\n\nb) Dừng xe, đỗ xe trên đường cao tốc không đúng nơi quy định; không có báo hiệu để người lái xe khác biết khi buộc phải dừng xe, đỗ xe trên đường cao tốc không đúng nơi quy định; quay đầu xe trên đường cao tốc;\n\nc) Điều khiển xe trên đường mà trong máu hoặc hơi thở có nồng độ cồn nhưng chưa vượt quá 50 miligam/100 mililít máu hoặc chưa vượt quá 0,25 miligam/1 lít khí thở.\n\n7. Phạt tiền từ 10.000.000 đồng đến 12.000.000 đồng đối với người điều khiển xe thực hiện một trong các hành vi vi phạm sau đây:', 'đ) Thực hiện hành vi quy định tại điểm c khoản 6 Điều này bị tước quyền sử dụng Giấy phép lái xe từ 10 tháng đến 12 tháng;\n\ne) Thực hiện hành vi quy định tại điểm c khoản 7 Điều này bị tước quyền sử dụng Giấy phép lái xe từ 16 tháng đến 18 tháng;\n\ng) Thực hiện hành vi quy định tại điểm e, điểm g, điểm h, điểm i khoản 8 Điều này bị tước quyền sử dụng Giấy phép lái xe từ 22 tháng đến 24 tháng.\n\nĐiều 7. Xử phạt người điều khiển máy kéo, xe máy chuyên dùng (sau đây gọi chung là xe) vi phạm quy tắc giao thông đường bộ\n\n1. Phạt tiền từ 100.000 đồng đến 200.000 đồng đối với người điều khiển xe thực hiện một trong các hành vi vi phạm sau đây:\n\na) Không chấp hành hiệu lệnh, chỉ dẫn của biển báo hiệu, vạch kẻ đường, trừ các hành vi vi phạm quy định tại điểm a, điểm b, điểm c, điểm d, điểm đ, điểm e khoản 2; điểm a, điểm b, điểm c, điểm đ, điểm h, điểm i khoản 3; điểm a, điểm b, điểm c, điểm d, điểm đ, điểm g khoản 4; điểm a, điểm c, điểm đ khoản 5; điểm a, điểm b khoản 6; điểm a khoản 7; điểm a, điểm b khoản 8 Điều này;\n\nb) Chuyển hướng không nhường quyền đi trước cho: Người đi bộ, xe lăn của người khuyết tật qua đường tại nơi có vạch kẻ đường dành cho người đi bộ; xe thô sơ đang đi trên phần đường dành cho xe thô sơ;\n\nc) Chuyển hướng không nhường đường cho: Các xe đi ngược chiều; người đi bộ, xe lăn của người khuyết tật đang qua đường tại nơi không có vạch kẻ đường cho người đi bộ.\n\n2. Phạt tiền từ 200.000 đồng đến 400.000 đồng đối với người điều khiển xe thực hiện một trong các hành vi vi phạm sau đây:\n\na) Quay đầu xe ở phần đường dành cho người đi bộ qua đường, trên cầu, đầu cầu, ngầm, gầm cầu vượt, trừ trường hợp tổ chức giao thông tại những khu vực này có bố trí nơi quay đầu xe;\n\nb) Lùi xe ở đường một chiều, đường có biển “Cấm đi ngược chiều”, khu vực cấm dừng, trên phần đường dành cho người đi bộ qua đường, nơi đường bộ giao nhau, nơi đường bộ giao nhau cùng mức với đường sắt, nơi tầm nhìn bị che khuất; lùi xe không quan sát hoặc không có tín hiệu báo trước;\n\nc) Đỗ, để xe ở hè phố trái quy định của pháp luật;\n\nd) Dừng xe, đỗ xe trên phần đường xe chạy ở đoạn đường ngoài đô thị nơi có lề đường rộng; dừng xe, đỗ xe không sát mép đường phía bên phải theo chiều đi ở nơi đường có lề đường hẹp hoặc không có lề đường; dừng xe, đỗ xe ngược với chiều lưu thông của làn đường; dừng xe, đỗ xe trên dải phân cách cố định ở giữa hai phần đường xe chạy; dừng xe, đỗ xe không đúng vị trí quy định ở những đoạn đường đã có bố trí nơi dừng xe, đỗ xe; đỗ xe trên dốc không chèn bánh; dừng xe nơi có biển “Cấm dừng xe và đỗ xe”; đỗ xe nơi có biển “Cấm đỗ xe” hoặc biển “Cấm dừng xe và đỗ xe”, trừ hành vi vi phạm quy định tại điểm a khoản 6 Điều này;', '4. Phạt tiền từ 600.000 đồng đến 1.000.000 đồng đối với người điều khiển xe thực hiện một trong các hành vi vi phạm sau đây:\n\na) Điều khiển xe chạy quá tốc độ quy định từ 10 km/h đến 20 km/h;\n\nb) Dừng xe, đỗ xe trong hầm đường bộ không đúng nơi quy định;\n\nc) Vượt xe trong những trường hợp không được vượt, vượt xe tại đoạn đường có biển báo hiệu có nội dung cấm vượt đối với loại phương tiện đang điều khiển, trừ các hành vi vi phạm quy định tại điểm h khoản 3 Điều này;\n\nd) Vượt xe trong hầm đường bộ không đúng nơi quy định; quay đầu xe trong hầm đường bộ;\n\nđ) Không nhường đường hoặc gây cản trở xe được quyền ưu tiên đang phát tín hiệu ưu tiên đi làm nhiệm vụ;\n\ne) Không chấp hành hiệu lệnh của đèn tín hiệu giao thông;\n\ng) Không chấp hành hiệu lệnh, hướng dẫn của người điều khiển giao thông hoặc người kiểm soát giao thông;\n\nh) Người đang điều khiển xe sử dụng ô (dù), điện thoại di động, thiết bị âm thanh, trừ thiết bị trợ thính.\n\n5. Phạt tiền từ 1.000.000 đồng đến 2.000.000 đồng đối với người điều khiển xe thực hiện hành vi đi ngược chiều của đường một chiều, đi ngược chiều trên đường có biển “Cấm đi ngược chiều”, trừ hành vi vi phạm quy định tại điểm b khoản 6 Điều này và các trường hợp xe ưu tiên đang đi làm nhiệm vụ khẩn cấp theo quy định.\n\n6. Phạt tiền từ 2.000.000 đồng đến 3.000.000 đồng đối với người điều khiển xe thực hiện một trong các hành vi vi phạm sau đây:\n\na) Sử dụng chân chống hoặc vật khác quệt xuống đường khi xe đang chạy;\n\nb) Điều khiển xe đi vào đường cao tốc, trừ xe phục vụ việc quản lý, bảo trì đường cao tốc;\n\nc) Điều khiển xe trên đường mà trong máu hoặc hơi thở có nồng độ cồn nhưng chưa vượt quá 50 miligam/100 mililít máu hoặc chưa vượt quá 0,25 miligam/1 lít khí thở.\n\n7. Phạt tiền từ 4.000.000 đồng đến 5.000.000 đồng đối với người điều khiển xe thực hiện một trong các hành vi vi phạm sau đây:\n\na) Điều khiển xe chạy quá tốc độ quy định trên 20 km/h;\n\nb) Không chú ý quan sát, điều khiển xe chạy quá tốc độ quy định gây tai nạn giao thông; đi vào đường cao tốc, dừng xe, đỗ xe, quay đầu xe, lùi xe, tránh xe, vượt xe, chuyển hướng, chuyển làn đường không đúng quy định gây tai nạn giao thông; không đi đúng phần đường, làn đường, không giữ khoảng cách an toàn giữa hai xe theo quy định gây tai nạn giao thông hoặc đi vào đường có biển báo hiệu có nội dung cấm đi vào đối với loại phương tiện đang điều khiển, đi ngược chiều của đường một chiều, đi ngược chiều trên đường có biển “Cấm đi ngược chiều” gây tai nạn giao thông, trừ hành vi vi phạm quy định tại điểm d khoản 8 Điều này;\n\nc) Điều khiển xe trên đường mà trong máu hoặc hơi thở có nồng độ cồn vượt quá 50 miligam đến 80 miligam/100 mililít máu hoặc vượt quá 0,25 miligam đến 0,4 miligam/1 lít khí thở.\n\n8. Phạt tiền từ 6.000.000 đồng đến 8.000.000 đồng đối với người điều khiển xe thực hiện một trong các hành vi vi phạm sau đây:']","Theo thông tin bạn cung cấp, đi ngược chiều của đường một chiều, đi ngược chiều trên đường có biển “Cấm đi ngược chiều” bị phạt từ 1.000.000 đồng đến 2.000.000 đồng đối với người điều khiển xe thực hiện hành vi đi ngược chiều của đường một chiều, đi ngược chiều trên đường có biển “Cấm đi ngược chiều”, trừ hành vi vi phạm quy định tại điểm b khoản 6 Điều này và các trường hợp xe ưu tiên đang đi làm nhiệm vụ khẩn cấp theo quy định.",Phạt tiền từ 3.000.000 đồng đến 5.000.000 đồng đối với người điều khiển xe đi ngược chiều đường một chiều,,0.8333333332916666,1.0
Người lao động được nghỉ phép bao nhiêu ngày mỗi năm?,"['Điều 111. Nghỉ hằng tuần\n\n1. Mỗi tuần, người lao động được nghỉ ít nhất 24 giờ liên tục. Trong trường hợp đặc biệt do chu kỳ lao động không thể nghỉ hằng tuần thì người sử dụng lao động có trách nhiệm bảo đảm cho người lao động được nghỉ tính bình quân 01 tháng ít nhất 04 ngày.\n\n2. Người sử dụng lao động có quyền quyết định sắp xếp ngày nghỉ hằng tuần vào ngày Chủ nhật hoặc ngày xác định khác trong tuần nhưng phải ghi vào nội quy lao động.\n\n3. Nếu ngày nghỉ hằng tuần trùng với ngày nghỉ lễ, tết quy định tại khoản 1 Điều 112 của Bộ luật này thì người lao động được nghỉ bù ngày nghỉ hằng tuần vào ngày làm việc kế tiếp.\n\nĐiều 112. Nghỉ lễ, tết\n\n1. Người lao động được nghỉ làm việc, hưởng nguyên lương trong những ngày lễ, tết sau đây:\n\na) Tết Dương lịch: 01 ngày (ngày 01 tháng 01 dương lịch);\n\nb) Tết Âm lịch: 05 ngày;\n\nc) Ngày Chiến thắng: 01 ngày (ngày 30 tháng 4 dương lịch);\n\nd) Ngày Quốc tế lao động: 01 ngày (ngày 01 tháng 5 dương lịch);\n\nđ) Quốc khánh: 02 ngày (ngày 02 tháng 9 dương lịch và 01 ngày liền kề trước hoặc sau);\n\ne) Ngày Giỗ Tổ Hùng Vương: 01 ngày (ngày 10 tháng 3 âm lịch).\n\n2. Lao động là người nước ngoài làm việc tại Việt Nam ngoài các ngày nghỉ theo quy định tại khoản 1 Điều này còn được nghỉ thêm 01 ngày Tết cổ truyền dân tộc và 01 ngày Quốc khánh của nước họ.\n\n3. Hằng năm, căn cứ vào điều kiện thực tế, Thủ tướng Chính phủ quyết định cụ thể ngày nghỉ quy định tại điểm b và điểm đ khoản 1 Điều này.\n\nĐiều 113. Nghỉ hằng năm\n\n1. Người lao động làm việc đủ 12 tháng cho một người sử dụng lao động thì được nghỉ hằng năm, hưởng nguyên lương theo hợp đồng lao động như sau:\n\na) 12 ngày làm việc đối với người làm công việc trong điều kiện bình thường;\n\nb) 14 ngày làm việc đối với người lao động chưa thành niên, lao động là người khuyết tật, người làm nghề, công việc nặng nhọc, độc hại, nguy hiểm;\n\nc) 16 ngày làm việc đối với người làm nghề, công việc đặc biệt nặng nhọc, độc hại, nguy hiểm.\n\n2. Người lao động làm việc chưa đủ 12 tháng cho một người sử dụng lao động thì số ngày nghỉ hằng năm theo tỷ lệ tương ứng với số tháng làm việc. \n\n3. Trường hợp do thôi việc, bị mất việc làm mà chưa nghỉ hằng năm hoặc chưa nghỉ hết số ngày nghỉ hằng năm thì được người sử dụng lao động thanh toán tiền lương cho những ngày chưa nghỉ.\n\n4. Người sử dụng lao động có trách nhiệm quy định lịch nghỉ hằng năm sau khi tham khảo ý kiến của người lao động và phải thông báo trước cho người lao động biết. Người lao động có thể thỏa thuận với người sử dụng lao động để nghỉ hằng năm thành nhiều lần hoặc nghỉ gộp tối đa 03 năm một lần.\n\n5. Khi nghỉ hằng năm mà chưa đến kỳ trả lương, người lao động được tạm ứng tiền lương theo quy định tại khoản 3 Điều 101 của Bộ luật này.\n\n6. Khi nghỉ hằng năm, nếu người lao động đi bằng các phương tiện đường bộ, đường sắt, đường thủy mà số ngày đi đường cả đi và về trên 02 ngày thì từ ngày thứ 03 trở đi được tính thêm thời gian đi đường ngoài ngày nghỉ hằng năm và chỉ được tính cho 01 lần nghỉ trong năm.', '6. Khi nghỉ hằng năm, nếu người lao động đi bằng các phương tiện đường bộ, đường sắt, đường thủy mà số ngày đi đường cả đi và về trên 02 ngày thì từ ngày thứ 03 trở đi được tính thêm thời gian đi đường ngoài ngày nghỉ hằng năm và chỉ được tính cho 01 lần nghỉ trong năm.\n\n7. Chính phủ quy định chi tiết điều này.\n\nĐiều 114. Ngày nghỉ hằng năm tăng thêm theo thâm niên làm việc\n\nCứ đủ 05 năm làm việc cho một người sử dụng lao động thì số ngày nghỉ hằng năm của người lao động theo quy định tại khoản 1 Điều 113 của Bộ luật này được tăng thêm tương ứng 01 ngày.\n\nĐiều 115. Nghỉ việc riêng, nghỉ không hưởng lương\n\n1. Người lao động được nghỉ việc riêng mà vẫn hưởng nguyên lương và phải thông báo với người sử dụng lao động trong trường hợp sau đây:\n\na) Kết hôn: nghỉ 03 ngày;\n\nb) Con đẻ, con nuôi kết hôn: nghỉ 01 ngày;\n\nc) Cha đẻ, mẹ đẻ, cha nuôi, mẹ nuôi; cha đẻ, mẹ đẻ, cha nuôi, mẹ nuôi của vợ hoặc chồng; vợ hoặc chồng; con đẻ, con nuôi chết: nghỉ 03 ngày.\n\n2. Người lao động được nghỉ không hưởng lương 01 ngày và phải thông báo với người sử dụng lao động khi ông nội, bà nội, ông ngoại, bà ngoại, anh, chị, em ruột chết; cha hoặc mẹ kết hôn; anh, chị, em ruột kết hôn.\n\n3. Ngoài quy định tại khoản 1 và khoản 2 Điều này, người lao động có thể thỏa thuận với người sử dụng lao động để nghỉ không hưởng lương.\n\nMục 3. THỜI GIỜ LÀM VIỆC, THỜI GIỜ NGHỈ NGƠI ĐỐI VỚI NGƯỜI LÀM CÔNG VIỆC CÓ TÍNH CHẤT ĐẶC BIỆT\n\nĐiều 116. Thời giờ làm việc, thời giờ nghỉ ngơi đối với người làm công việc có tính chất đặc biệt\n\nĐối với các công việc có tính chất đặc biệt trong lĩnh vực vận tải đường bộ, đường sắt, đường thủy, đường hàng không; thăm dò, khai thác dầu khí trên biển; làm việc trên biển; trong lĩnh vực nghệ thuật; sử dụng kỹ thuật bức xạ và hạt nhân; ứng dụng kỹ thuật sóng cao tần; tin học, công nghệ tin học; nghiên cứu ứng dụng khoa học, công nghệ tiên tiến; thiết kế công nghiệp; công việc của thợ lặn; công việc trong hầm lò; công việc sản xuất có tính thời vụ, công việc gia công theo đơn đặt hàng; công việc phải thường trực 24/24 giờ; các công việc có tính chất đặc biệt khác do Chính phủ quy định thì các Bộ, ngành quản lý quy định cụ thể thời giờ làm việc, thời giờ nghỉ ngơi sau khi thống nhất với Bộ Lao động - Thương binh và Xã hội và phải tuân thủ quy định tại Điều 109 của Bộ luật này.\n\nChương VIII\n\nKỶ LUẬT LAO ĐỘNG, TRÁCH NHIỆM VẬT CHẤT\n\nMục 1. KỶ LUẬT LAO ĐỘNG\n\nĐiều 117. Kỷ luật lao động\n\nKỷ luật lao động là những quy định về việc tuân theo thời gian, công nghệ và điều hành sản xuất, kinh doanh do người sử dụng lao động ban hành trong nội quy lao động và do pháp luật quy định.\n\nĐiều 118. Nội quy lao động \n\n1. Người sử dụng lao động phải ban hành nội quy lao động, nếu sử dụng từ 10 người lao động trở lên thì nội quy lao động phải bằng văn bản.\n\n2. Nội dung nội quy lao động không được trái với pháp luật về lao động và quy định của pháp luật có liên quan. Nội quy lao động bao gồm những nội dung chủ yếu sau đây:\n\na) Thời giờ làm việc, thời giờ nghỉ ngơi;', '1. Người sử dụng lao động trả trợ cấp mất việc làm cho người lao động đã làm việc thường xuyên cho mình từ đủ 12 tháng trở lên mà bị mất việc làm theo quy định tại khoản 11 Điều 34 của Bộ luật này, cứ mỗi năm làm việc trả 01 tháng tiền lương nhưng ít nhất bằng 02 tháng tiền lương. \n\n2. Thời gian làm việc để tính trợ cấp mất việc làm là tổng thời gian người lao động đã làm việc thực tế cho người sử dụng lao động trừ đi thời gian người lao động đã tham gia bảo hiểm thất nghiệp theo quy định của pháp luật về bảo hiểm thất nghiệp và thời gian làm việc đã được người sử dụng lao động chi trả trợ cấp thôi việc, trợ cấp mất việc làm.\n\n3. Tiền lương để tính trợ cấp mất việc làm là tiền lương bình quân của 06 tháng liền kề theo hợp đồng lao động trước khi người lao động mất việc làm.\n\n4. Chính phủ quy định chi tiết Điều này.\n\nĐiều 48. Trách nhiệm khi chấm dứt hợp đồng lao động\n\n1. Trong thời hạn 14 ngày làm việc kể từ ngày chấm dứt hợp đồng lao động, hai bên có trách nhiệm thanh toán đầy đủ các khoản tiền có liên quan đến quyền lợi của mỗi bên, trừ trường hợp sau đây có thể kéo dài nhưng không được quá 30 ngày:\n\na) Người sử dụng lao động không phải là cá nhân chấm dứt hoạt động;\n\nb) Người sử dụng lao động thay đổi cơ cấu, công nghệ hoặc vì lý do kinh tế;\n\nc) Chia, tách, hợp nhất, sáp nhập; bán, cho thuê, chuyển đổi loại hình doanh nghiệp; chuyển nhượng quyền sở hữu, quyền sử dụng tài sản của doanh nghiệp, hợp tác xã; \n\nd) Do thiên tai, hỏa hoạn, địch họa hoặc dịch bệnh nguy hiểm.\n\n2. Tiền lương, bảo hiểm xã hội, bảo hiểm y tế, bảo hiểm thất nghiệp, trợ cấp thôi việc và các quyền lợi khác của người lao động theo thỏa ước lao động tập thể, hợp đồng lao động được ưu tiên thanh toán trong trường hợp doanh nghiệp, hợp tác xã bị chấm dứt hoạt động, bị giải thể, phá sản.\n\n3. Người sử dụng lao động có trách nhiệm sau đây:\n\na) Hoàn thành thủ tục xác nhận thời gian đóng bảo hiểm xã hội, bảo hiểm thất nghiệp và trả lại cùng với bản chính giấy tờ khác nếu người sử dụng lao động đã giữ của người lao động;\n\nb) Cung cấp bản sao các tài liệu liên quan đến quá trình làm việc của người lao động nếu người lao động có yêu cầu. Chi phí sao, gửi tài liệu do người sử dụng lao động trả.\n\nMục 4. HỢP ĐỒNG LAO ĐỘNG VÔ HIỆU\n\nĐiều 49. Hợp đồng lao động vô hiệu\n\n1. Hợp đồng lao động vô hiệu toàn bộ trong trường hợp sau đây:\n\na) Toàn bộ nội dung của hợp đồng lao động vi phạm pháp luật;\n\nb) Người giao kết hợp đồng lao động không đúng thẩm quyền hoặc vi phạm nguyên tắc giao kết hợp đồng lao động quy định tại khoản 1 Điều 15 của Bộ luật này; \n\nc) Công việc đã giao kết trong hợp đồng lao động là công việc mà pháp luật cấm.\n\n2. Hợp đồng lao động vô hiệu từng phần khi nội dung của phần đó vi phạm pháp luật nhưng không ảnh hưởng đến các phần còn lại của hợp đồng.\n\nĐiều 50. Thẩm quyền tuyên bố hợp đồng lao động vô hiệu\n\nTòa án nhân dân có quyền tuyên bố hợp đồng lao động vô hiệu.\n\nĐiều 51. Xử lý hợp đồng lao động vô hiệu']","Theo Điều 113 của Bộ luật Lao động, người lao động làm việc đủ 12 tháng cho một người sử dụng lao động thì được nghỉ hằng năm, hưởng nguyên lương theo hợp đồng lao động như sau:

- 12 ngày làm việc đối với người làm công việc trong điều kiện bình thường;
- 14 ngày làm việc đối với người lao động chưa thành niên, lao động là người khuyết tật, người làm nghề, công việc nặng nhọc, độc hại, nguy hiểm;
- 16 ngày làm việc đối với người làm nghề, công việc đặc biệt nặng nhọc, độc hại, nguy hiểm.

Nếu người lao động làm việc chưa đủ 12 tháng cho một người sử dụng lao động thì số ngày nghỉ hằng năm theo tỷ lệ tương ứng với số tháng làm việc.",Người lao động làm việc đủ 12 tháng được nghỉ hằng năm 12 ngày làm việc,,0.9999999999,1.0
Tuổi nghỉ hưu của nam giới là bao nhiêu?,"['a) Có tuổi thấp hơn tối đa 05 tuổi so với tuổi nghỉ hưu quy định tại khoản 2 Điều 169 của Bộ luật Lao động khi bị suy giảm khả năng lao động từ 61% đến dưới 81%;\n\nb) Có tuổi thấp hơn tối đa 10 tuổi so với tuổi nghỉ hưu quy định tại khoản 2 Điều 169 của Bộ luật Lao động khi bị suy giảm khả năng lao động từ 81% trở lên;\n\nc) Có đủ 15 năm trở lên làm nghề, công việc đặc biệt nặng nhọc, độc hại, nguy hiểm thuộc danh mục do Bộ Lao động - Thương binh và Xã hội ban hành và bị suy giảm khả năng lao động từ 61% trở lên.\n\n2. Người lao động quy định tại điểm đ và điểm e khoản 1 Điều 2 của Luật này khi nghỉ việc có đủ 20 năm đóng bảo hiểm xã hội trở lên, bị suy giảm khả năng lao động từ 61% trở lên được hưởng lương hưu với mức thấp hơn so với người đủ điều kiện hưởng lương hưu quy định tại điểm a và điểm b khoản 2 Điều 54 của Luật này khi thuộc một trong các trường hợp sau đây:\n\na) Có tuổi thấp hơn tối đa 10 tuổi so với tuổi nghỉ hưu quy định tại khoản 2 Điều 169 của Bộ luật Lao động; \n\nb) Có đủ 15 năm trở lên làm nghề, công việc đặc biệt nặng nhọc, độc hại, nguy hiểm thuộc danh mục do Bộ Lao động - Thương binh và Xã hội ban hành.”;\n\nc) Sửa đổi, bổ sung khoản 1 Điều 73 như sau:\n\n“1. Người lao động hưởng lương hưu khi có đủ các điều kiện sau đây:\n\na) Đủ tuổi nghỉ hưu theo quy định tại khoản 2 Điều 169 của Bộ luật Lao động;\n\nb) Đủ 20 năm đóng bảo hiểm xã hội trở lên.”.\n\n2. Sửa đổi, bổ sung Điều 32 của Bộ luật Tố tụng dân sự số 92/2015/QH13 như sau:\n\na) Sửa đổi, bổ sung tên điều, khoản 1; bổ sung các khoản 1a, 1b và 1c vào sau khoản 1 như sau:\n\n“Điều 32. Những tranh chấp về lao động và tranh chấp liên quan đến lao động thuộc thẩm quyền giải quyết của Tòa án\n\n1. Tranh chấp lao động cá nhân giữa người lao động với người sử dụng lao động phải thông qua thủ tục hòa giải của hòa giải viên lao động mà hòa giải thành nhưng các bên không thực hiện hoặc thực hiện không đúng, hòa giải không thành hoặc hết thời hạn hòa giải theo quy định của pháp luật về lao động mà hòa giải viên lao động không tiến hành hòa giải, trừ các tranh chấp lao động sau đây không bắt buộc phải qua thủ tục hòa giải:\n\na) Về xử lý kỷ luật lao động theo hình thức sa thải hoặc về trường hợp bị đơn phương chấm dứt hợp đồng lao động;\n\nb) Về bồi thường thiệt hại, trợ cấp khi chấm dứt hợp đồng lao động;\n\nc) Giữa người giúp việc gia đình với người sử dụng lao động;\n\nd) Về bảo hiểm xã hội theo quy định của pháp luật về bảo hiểm xã hội, về bảo hiểm y tế theo quy định của pháp luật về bảo hiểm y tế, về bảo hiểm thất nghiệp theo quy định của pháp luật về việc làm, về bảo hiểm tai nạn lao động, bệnh nghề nghiệp theo quy định của pháp luật về an toàn, vệ sinh lao động;\n\nđ) Về bồi thường thiệt hại giữa người lao động với doanh nghiệp, tổ chức đưa người lao động đi làm việc ở nước ngoài theo hợp đồng;\n\ne) Giữa người lao động thuê lại với người sử dụng lao động thuê lại.', '“Điều 54. Điều kiện hưởng lương hưu\n\n1. Người lao động quy định tại các điểm a, b, c, d, g, h và i khoản 1 Điều 2 của Luật này, trừ trường hợp quy định tại khoản 3 Điều này, khi nghỉ việc có đủ 20 năm đóng bảo hiểm xã hội trở lên thì được hưởng lương hưu nếu thuộc một trong các\xa0trường hợp\xa0sau đây:\n\na) Đủ tuổi theo quy định tại khoản 2 Điều 169 của Bộ luật Lao động;\n\nb) Đủ tuổi theo quy định tại khoản 3 Điều 169 của Bộ luật Lao động và có đủ 15 năm làm nghề, công việc nặng nhọc, độc hại, nguy hiểm hoặc đặc biệt nặng nhọc, độc hại, nguy hiểm thuộc danh mục do Bộ Lao động - Thương binh và Xã hội ban hành hoặc có đủ 15 năm làm việc ở vùng có điều kiện kinh tế - xã hội đặc biệt khó khăn bao gồm cả thời gian làm việc ở nơi có phụ cấp khu vực hệ số 0,7 trở lên trước ngày 01 tháng 01 năm 2021;\n\nc) Người lao động có tuổi thấp hơn tối đa 10 tuổi so với tuổi nghỉ hưu của người lao động quy định tại khoản 2 Điều 169 của Bộ luật Lao động và có đủ 15 năm làm công việc khai thác than trong hầm lò; \n\nd) Người bị nhiễm HIV do tai nạn rủi ro nghề nghiệp trong khi thực hiện nhiệm vụ được giao.\n\n2. Người lao động quy định tại điểm đ và điểm e khoản 1 Điều 2 của Luật này nghỉ việc có đủ 20 năm đóng bảo hiểm xã hội trở lên được hưởng lương hưu khi thuộc một trong các trường hợp sau đây:\n\na) Có tuổi thấp hơn tối đa 05 tuổi so với tuổi nghỉ hưu quy định tại khoản 2 Điều 169 của Bộ luật Lao động, trừ trường hợp Luật Sĩ quan Quân đội nhân dân Việt Nam, Luật Công an nhân dân, Luật Cơ yếu, Luật Quân nhân chuyên nghiệp, công nhân và viên chức quốc phòng có quy định khác;\n\nb) Có tuổi thấp hơn tối đa 05 tuổi so với tuổi nghỉ hưu quy định tại khoản 3 Điều 169 của Bộ luật Lao động và có đủ 15 năm làm nghề, công việc nặng nhọc, độc hại, nguy hiểm hoặc đặc biệt nặng nhọc, độc hại, nguy hiểm thuộc danh mục do Bộ Lao động - Thương binh và Xã hội ban hành hoặc có đủ 15 năm làm việc ở vùng có điều kiện kinh tế - xã hội đặc biệt khó khăn bao gồm cả thời gian làm việc ở nơi có phụ cấp khu vực hệ số 0,7 trở lên trước ngày 01 tháng 01 năm 2021;\n\nc) Người bị nhiễm HIV do tai nạn rủi ro nghề nghiệp trong khi thực hiện nhiệm vụ được giao.\n\n3. Lao động nữ là cán bộ, công chức cấp xã hoặc là người hoạt động không chuyên trách ở xã, phường, thị trấn tham gia bảo hiểm xã hội khi nghỉ việc mà có từ đủ 15 năm đến dưới 20 năm đóng bảo hiểm xã hội và đủ tuổi nghỉ hưu quy định tại khoản 2 Điều 169 của Bộ luật Lao động thì được hưởng lương hưu.\n\n4. Điều kiện về tuổi hưởng lương hưu đối với một số trường hợp đặc biệt theo quy định của Chính phủ.”;\n\nb) Sửa đổi, bổ sung Điều 55 như sau:\n\n“Điều 55. Điều kiện hưởng lương hưu khi suy giảm khả năng lao động\n\n1. Người lao động quy định tại các điểm a, b, c, d, g, h và i khoản 1 Điều 2 của Luật này khi nghỉ việc có đủ 20 năm đóng bảo hiểm xã hội trở lên được hưởng lương hưu với mức thấp hơn so với người đủ điều kiện hưởng lương hưu quy định tại các điểm a, b và c khoản 1 Điều 54 của Luật này nếu thuộc một trong các trường hợp sau đây:', 'Điều 139. Nghỉ thai sản\n\n1. Lao động nữ được nghỉ thai sản trước và sau khi sinh con là 06 tháng; thời gian nghỉ trước khi sinh không quá 02 tháng.\n\nTrường hợp lao động nữ sinh đôi trở lên thì tính từ con thứ 02 trở đi, cứ mỗi con, người mẹ được nghỉ thêm 01 tháng.\n\n2. Trong thời gian nghỉ thai sản, lao động nữ được hưởng chế độ thai sản theo quy định của pháp luật về bảo hiểm xã hội.\n\n3. Hết thời gian nghỉ thai sản theo quy định tại khoản 1 Điều này, nếu có nhu cầu, lao động nữ có thể nghỉ thêm một thời gian không hưởng lương sau khi thỏa thuận với người sử dụng lao động. \n\n4. Trước khi hết thời gian nghỉ thai sản theo quy định tại khoản 1 Điều này, lao động nữ có thể trở lại làm việc khi đã nghỉ ít nhất được 04 tháng nhưng người lao động phải báo trước, được người sử dụng lao động đồng ý và có xác nhận của cơ sở khám bệnh, chữa bệnh có thẩm quyền về việc đi làm sớm không có hại cho sức khỏe của người lao động. Trong trường hợp này, ngoài tiền lương của những ngày làm việc do người sử dụng lao động trả, lao động nữ vẫn tiếp tục được hưởng trợ cấp thai sản theo quy định của pháp luật về bảo hiểm xã hội.\n\n5. Lao động nam khi vợ sinh con, người lao động nhận nuôi con nuôi dưới 06 tháng tuổi, lao động nữ mang thai hộ và người lao động là người mẹ nhờ mang thai hộ được nghỉ việc hưởng chế độ thai sản theo quy định của pháp luật về bảo hiểm xã hội.\n\nĐiều 140. Bảo đảm việc làm cho lao động nghỉ thai sản\n\nLao động được bảo đảm việc làm cũ khi trở lại làm việc sau khi nghỉ hết thời gian theo quy định tại các khoản 1, 3 và 5 Điều 139 của Bộ luật này mà không bị cắt giảm tiền lương và quyền, lợi ích so với trước khi nghỉ thai sản; trường hợp việc làm cũ không còn thì người sử dụng lao động phải bố trí việc làm khác cho họ với mức lương không thấp hơn mức lương trước khi nghỉ thai sản.\n\nĐiều 141. Trợ cấp trong thời gian chăm sóc con ốm đau, thai sản và thực hiện các biện pháp tránh thai\n\nThời gian nghỉ việc khi chăm sóc con dưới 07 tuổi ốm đau, khám thai, sẩy thai, nạo, hút thai, thai chết lưu, phá thai bệnh lý, thực hiện các biện pháp tránh thai, triệt sản, người lao động được hưởng trợ cấp theo quy định của pháp luật về bảo hiểm xã hội.\n\nĐiều 142. Nghề, công việc có ảnh hưởng xấu tới chức năng sinh sản và nuôi con\n\n1. Bộ trưởng Bộ Lao động - Thương binh và Xã hội ban hành danh mục nghề, công việc có ảnh hưởng xấu tới chức năng sinh sản và nuôi con. \n\n2. Người sử dụng lao động phải cung cấp đầy đủ thông tin về tính chất nguy hiểm, nguy cơ, yêu cầu của công việc để người lao động lựa chọn và phải bảo đảm điều kiện an toàn, vệ sinh lao động cho người lao động theo quy định khi sử dụng họ làm công việc thuộc danh mục quy định tại khoản 1 Điều này.\n\nChương XI\n\nNHỮNG QUY ĐỊNH RIÊNG ĐỐI VỚI LAO ĐỘNG CHƯA THÀNH NIÊN VÀ MỘT SỐ LAO ĐỘNG KHÁC\n\nMục 1. LAO ĐỘNG CHƯA THÀNH NIÊN\n\nĐiều 143. Lao động chưa thành niên\n\n1. Lao động chưa thành niên là người lao động chưa đủ 18 tuổi.']","Theo Bộ luật Lao động, tuổi nghỉ hưu của nam giới được quy định tại khoản 2 Điều 169 như sau:

- Nam từ đủ 60 tuổi đến dưới 65 tuổi có đủ 20 năm đóng bảo hiểm xã hội trở lên thì được hưởng lương hưu.

- Nam đủ 55 tuổi trở lên và có đủ 25 năm làm nghề, công việc nặng nhọc, độc hại, nguy hiểm hoặc đặc biệt nặng nhọc, độc hại, nguy hiểm thuộc danh mục do Bộ Lao động - Thương binh và Xã hội ban hành hoặc có đủ 15 năm làm việc ở vùng có điều kiện kinh tế - xã hội đặc biệt khó khăn bao gồm cả thời gian làm việc ở nơi có phụ cấp khu vực hệ số 0,7 trở lên trước ngày 01 tháng 01 năm 2021 thì được hưởng lương hưu.

- Nam đủ 55 tuổi trở lên và có đủ 15 năm làm nghề, công việc đặc biệt nặng nhọc, độc hại, nguy hiểm thuộc danh mục do Bộ Lao động - Thương binh và Xã hội ban hành thì được hưởng lương hưu.

- Nam đủ 55 tuổi trở lên và có đủ 15 năm làm công việc khai thác than trong hầm lò thì được hưởng lương hưu.

- Nam bị suy giảm khả năng lao động từ 61% trở lên thì được hưởng lương hưu khi đủ 15 năm đóng bảo hiểm xã hội trở lên.

- Nam bị nhiễm HIV do tai nạn rủi ro nghề nghiệp trong khi thực hiện nhiệm vụ được giao thì được hưởng lương hưu khi đủ 15 năm đóng bảo hiểm xã hội trở lên.

- Nam đủ 60 tuổi trở lên và có đủ 20 năm đóng bảo hiểm xã hội trở lên thì được hưởng lương hưu.

- Nam đủ 55 tuổi trở lên và có đủ 15 năm làm nghề, công việc nặng nhọc, độc hại, nguy hiểm hoặc đặc biệt nặng nhọc, độc hại, nguy hiểm thuộc danh mục do Bộ Lao động - Thương binh và Xã hội ban hành hoặc có đủ 15 năm làm việc ở vùng có điều kiện kinh tế - xã hội đặc biệt khó khăn bao gồm cả thời gian làm việc ở nơi có phụ cấp khu vực hệ số 0,7 trở lên trước ngày 01 tháng 01 năm 2021 thì được hưởng lương hưu.

- Nam bị suy giảm khả năng lao động từ 61% trở lên thì được hưởng lương hưu khi đủ 15 năm đóng bảo hiểm xã hội trở lên.

- Nam bị nhiễm HIV do tai nạn rủi ro nghề nghiệp trong khi thực hiện nhiệm vụ được giao thì được hưởng lương hưu khi đủ 15 năm đóng bảo hiểm xã hội trở lên.

- Nam đủ 60 tuổi trở lên và có đủ 20 năm đóng bảo hiểm xã hội trở lên thì được hưởng lương hưu.

- Nam đủ 55 tuổi trở lên và có đủ 15 năm làm nghề, công việc nặng nhọc, độc hại, nguy hiểm hoặc đặc biệt nặng nhọc, độc hại, nguy hiểm thuộc danh mục do Bộ Lao động - Thương binh và Xã hội ban hành hoặc có đủ 15 năm làm việc ở vùng có điều kiện kinh tế - xã hội đặc biệt khó khăn bao gồm cả thời gian làm việc ở nơi có phụ cấp khu vực hệ số 0,7 trở lên trước ngày 01 tháng 01 năm 2021 thì được hưởng lương hưu.

- Nam bị suy giảm khả năng lao động từ 61% trở lên thì được hưởng lương hưu khi đủ 15 năm đóng bảo hiểm xã hội trở lên.

- Nam bị nhiễm HIV do tai nạn rủi ro nghề nghiệp trong khi thực hiện nhiệm vụ được giao thì được hưởng lương hưu khi đủ 15 năm đóng bảo hiểm xã hội trở lên.

- Nam đủ 60 tuổi trở lên và có đủ 20 năm đóng bảo hiểm xã hội trở lên thì được hưởng lương hưu.

- Nam đủ 55 tuổi trở lên và có đủ 15 năm làm nghề, công việc nặng nhọc, độc hại, nguy hiểm hoặc đặc biệt nặng nhọc, độc hại, nguy hiểm thuộc danh mục do Bộ Lao động - Thương binh và Xã hội ban hành hoặc có đủ 15 năm làm việc ở vùng có điều kiện kinh tế - xã hội đặc biệt khó khăn bao gồm cả thời gian làm việc ở nơi có phụ cấp khu vực hệ số 0,7 trở lên trước ngày 01 tháng 01 năm 2021 thì được hưởng lương hưu.

- Nam bị suy giảm khả năng lao động từ 61% trở lên thì được hưởng lương hưu khi đủ 15 năm đóng bảo hiểm xã hội trở lên.

- Nam bị nhiễm HIV do tai nạn rủi ro nghề nghiệp trong khi thực hiện nhiệm vụ được giao thì được hưởng lương hưu khi đủ 15 năm đóng bảo hiểm xã hội trở lên.

- Nam đủ 60 tuổi trở lên và có đủ 20 năm đóng bảo hiểm xã hội trở lên thì được hưởng lương hưu.

- Nam đủ 55 tuổi trở lên và có đủ 15 năm làm nghề, công việc nặng nhọc, độc hại, nguy hiểm hoặc đặc biệt nặng nhọc, độc hại, nguy hiểm thuộc danh mục do Bộ Lao động - Thương binh và Xã hội ban hành hoặc có đủ 15 năm làm việc ở vùng có điều kiện kinh tế - xã hội đặc biệt khó khăn bao gồm cả thời gian làm việc ở nơi có phụ cấp khu vực hệ số 0,7 trở lên trước ngày 01 tháng 01 năm 2021 thì được hưởng lương hưu.

- Nam bị suy giảm khả năng lao động từ 61% trở lên thì được hưởng lương hưu khi đủ 15 năm đóng bảo hiểm xã hội trở lên.

- Nam bị nhiễm HIV do tai nạn rủi ro nghề nghiệp trong khi thực hiện nhiệm vụ được giao thì được hưởng lương hưu khi đủ 15 năm đóng bảo hiểm xã hội trở lên.

- Nam đủ 60 tuổi trở lên và có đủ 20 năm đóng bảo hiểm xã hội trở lên thì được hưởng lương hưu.

- Nam đủ 55 tuổi trở lên và có đủ 15 năm làm nghề, công việc nặng nhọc, độc hại, nguy hiểm hoặc đặc biệt nặng nhọc, độc hại, nguy hiểm thuộc danh mục do Bộ Lao động - Thương binh và Xã hội ban hành hoặc có đủ 15 năm làm việc ở vùng có điều kiện kinh tế - xã hội đặc biệt khó khăn bao gồm cả thời gian làm việc ở nơi có phụ cấp khu vực hệ số 0,7 trở lên trước ngày 01 tháng 01 năm 2021 thì được hưởng lương hưu.

- Nam bị suy giảm khả năng lao động từ 61% trở lên thì được hưởng lương hưu khi đủ 15 năm đóng bảo hiểm xã hội trở lên.

- Nam bị nhiễm HIV do tai nạn rủi ro nghề nghiệp trong khi thực hiện nhiệm vụ được giao thì được hưởng lương hưu khi đủ 15 năm đóng bảo hiểm xã hội trở lên.

- Nam đủ 60 tuổi trở lên và có đủ 20 năm đóng bảo hiểm xã hội trở lên thì được hưởng lương hưu.

- Nam đủ 55 tuổi trở lên và có đủ 15 năm làm nghề, công việc nặng nhọc, độc hại, nguy hiểm hoặc đặc biệt nặng nhọc, độc hại, nguy hiểm thuộc danh mục do Bộ Lao động - Thương binh và Xã hội ban hành hoặc có đủ 15 năm làm việc ở vùng có điều kiện kinh tế - xã hội đặc biệt khó khăn bao gồm cả thời gian làm việc ở nơi có phụ cấp khu vực hệ số 0,7 trở lên trước ngày 01 tháng 01 năm 2021 thì được hưởng lương hưu.

- Nam bị suy giảm khả năng lao động từ 61% trở lên thì được hưởng lương hưu khi đủ 15 năm đóng bảo hiểm xã hội trở lên.

- Nam bị nhiễm HIV do tai nạn rủi ro nghề nghiệp trong khi thực hiện nhiệm vụ được giao thì được hưởng lương hưu khi đủ 15 năm đóng bảo hiểm xã hội trở lên.

- Nam đủ 60 tuổi trở lên và có đủ 20 năm đóng bảo hiểm xã hội trở lên thì được hưởng lương hưu.

- Nam đủ 55 tuổi trở lên và có đủ 15 năm làm nghề, công việc nặng nhọc, độc hại, nguy hiểm hoặc đặc biệt nặng nhọc, độc hại, nguy hiểm thuộc danh mục do Bộ Lao động - Thương binh và Xã hội ban hành hoặc có đủ 15 năm làm việc ở vùng có điều kiện kinh tế - xã hội đặc biệt khó khăn bao gồm cả thời gian làm việc ở nơi có phụ cấp khu vực hệ số 0,7 trở lên trước ngày 01 tháng 01 năm 2021 thì được hưởng lương hưu.

- Nam bị suy giảm khả năng lao động từ 61% trở lên thì được hưởng lương hưu khi đủ 15 năm đóng bảo hiểm xã hội trở lên.

- Nam bị nhiễm HIV do tai nạn rủi ro nghề nghiệp trong khi thực hiện nhiệm vụ được giao thì được hưởng lương hưu khi đủ 15 năm đóng bảo hiểm xã hội trở lên.

- Nam đủ 60 tuổi trở lên và có đủ 20 năm đóng bảo hiểm xã hội trở lên thì được hưởng lương hưu.

- Nam đủ 55 tuổi trở lên và có đủ 15 năm làm nghề, công việc nặng nhọc, độc hại, nguy hiểm hoặc đặc biệt nặng nhọc, độc hại, nguy hiểm thuộc danh mục do Bộ Lao động - Thương binh và Xã hội ban hành hoặc có đủ 15 năm làm việc ở vùng có điều kiện kinh tế - xã hội đặc biệt khó khăn bao gồm cả thời gian làm việc ở nơi có phụ cấp khu vực hệ số 0,7 trở lên trước ngày 01 tháng 01 năm 2021 thì được hưởng lương hưu.

- Nam bị suy giảm khả năng lao động từ 61% trở lên thì được hưởng lương hưu khi đủ 15 năm đóng bảo hiểm xã hội trở lên.

-",Nam giới nghỉ hưu ở tuổi 62,,0.99999999995,0.0
Tuổi nghỉ hưu của nữ giới là bao nhiêu?,"['Điều 139. Nghỉ thai sản\n\n1. Lao động nữ được nghỉ thai sản trước và sau khi sinh con là 06 tháng; thời gian nghỉ trước khi sinh không quá 02 tháng.\n\nTrường hợp lao động nữ sinh đôi trở lên thì tính từ con thứ 02 trở đi, cứ mỗi con, người mẹ được nghỉ thêm 01 tháng.\n\n2. Trong thời gian nghỉ thai sản, lao động nữ được hưởng chế độ thai sản theo quy định của pháp luật về bảo hiểm xã hội.\n\n3. Hết thời gian nghỉ thai sản theo quy định tại khoản 1 Điều này, nếu có nhu cầu, lao động nữ có thể nghỉ thêm một thời gian không hưởng lương sau khi thỏa thuận với người sử dụng lao động. \n\n4. Trước khi hết thời gian nghỉ thai sản theo quy định tại khoản 1 Điều này, lao động nữ có thể trở lại làm việc khi đã nghỉ ít nhất được 04 tháng nhưng người lao động phải báo trước, được người sử dụng lao động đồng ý và có xác nhận của cơ sở khám bệnh, chữa bệnh có thẩm quyền về việc đi làm sớm không có hại cho sức khỏe của người lao động. Trong trường hợp này, ngoài tiền lương của những ngày làm việc do người sử dụng lao động trả, lao động nữ vẫn tiếp tục được hưởng trợ cấp thai sản theo quy định của pháp luật về bảo hiểm xã hội.\n\n5. Lao động nam khi vợ sinh con, người lao động nhận nuôi con nuôi dưới 06 tháng tuổi, lao động nữ mang thai hộ và người lao động là người mẹ nhờ mang thai hộ được nghỉ việc hưởng chế độ thai sản theo quy định của pháp luật về bảo hiểm xã hội.\n\nĐiều 140. Bảo đảm việc làm cho lao động nghỉ thai sản\n\nLao động được bảo đảm việc làm cũ khi trở lại làm việc sau khi nghỉ hết thời gian theo quy định tại các khoản 1, 3 và 5 Điều 139 của Bộ luật này mà không bị cắt giảm tiền lương và quyền, lợi ích so với trước khi nghỉ thai sản; trường hợp việc làm cũ không còn thì người sử dụng lao động phải bố trí việc làm khác cho họ với mức lương không thấp hơn mức lương trước khi nghỉ thai sản.\n\nĐiều 141. Trợ cấp trong thời gian chăm sóc con ốm đau, thai sản và thực hiện các biện pháp tránh thai\n\nThời gian nghỉ việc khi chăm sóc con dưới 07 tuổi ốm đau, khám thai, sẩy thai, nạo, hút thai, thai chết lưu, phá thai bệnh lý, thực hiện các biện pháp tránh thai, triệt sản, người lao động được hưởng trợ cấp theo quy định của pháp luật về bảo hiểm xã hội.\n\nĐiều 142. Nghề, công việc có ảnh hưởng xấu tới chức năng sinh sản và nuôi con\n\n1. Bộ trưởng Bộ Lao động - Thương binh và Xã hội ban hành danh mục nghề, công việc có ảnh hưởng xấu tới chức năng sinh sản và nuôi con. \n\n2. Người sử dụng lao động phải cung cấp đầy đủ thông tin về tính chất nguy hiểm, nguy cơ, yêu cầu của công việc để người lao động lựa chọn và phải bảo đảm điều kiện an toàn, vệ sinh lao động cho người lao động theo quy định khi sử dụng họ làm công việc thuộc danh mục quy định tại khoản 1 Điều này.\n\nChương XI\n\nNHỮNG QUY ĐỊNH RIÊNG ĐỐI VỚI LAO ĐỘNG CHƯA THÀNH NIÊN VÀ MỘT SỐ LAO ĐỘNG KHÁC\n\nMục 1. LAO ĐỘNG CHƯA THÀNH NIÊN\n\nĐiều 143. Lao động chưa thành niên\n\n1. Lao động chưa thành niên là người lao động chưa đủ 18 tuổi.', 'a) Có tuổi thấp hơn tối đa 05 tuổi so với tuổi nghỉ hưu quy định tại khoản 2 Điều 169 của Bộ luật Lao động khi bị suy giảm khả năng lao động từ 61% đến dưới 81%;\n\nb) Có tuổi thấp hơn tối đa 10 tuổi so với tuổi nghỉ hưu quy định tại khoản 2 Điều 169 của Bộ luật Lao động khi bị suy giảm khả năng lao động từ 81% trở lên;\n\nc) Có đủ 15 năm trở lên làm nghề, công việc đặc biệt nặng nhọc, độc hại, nguy hiểm thuộc danh mục do Bộ Lao động - Thương binh và Xã hội ban hành và bị suy giảm khả năng lao động từ 61% trở lên.\n\n2. Người lao động quy định tại điểm đ và điểm e khoản 1 Điều 2 của Luật này khi nghỉ việc có đủ 20 năm đóng bảo hiểm xã hội trở lên, bị suy giảm khả năng lao động từ 61% trở lên được hưởng lương hưu với mức thấp hơn so với người đủ điều kiện hưởng lương hưu quy định tại điểm a và điểm b khoản 2 Điều 54 của Luật này khi thuộc một trong các trường hợp sau đây:\n\na) Có tuổi thấp hơn tối đa 10 tuổi so với tuổi nghỉ hưu quy định tại khoản 2 Điều 169 của Bộ luật Lao động; \n\nb) Có đủ 15 năm trở lên làm nghề, công việc đặc biệt nặng nhọc, độc hại, nguy hiểm thuộc danh mục do Bộ Lao động - Thương binh và Xã hội ban hành.”;\n\nc) Sửa đổi, bổ sung khoản 1 Điều 73 như sau:\n\n“1. Người lao động hưởng lương hưu khi có đủ các điều kiện sau đây:\n\na) Đủ tuổi nghỉ hưu theo quy định tại khoản 2 Điều 169 của Bộ luật Lao động;\n\nb) Đủ 20 năm đóng bảo hiểm xã hội trở lên.”.\n\n2. Sửa đổi, bổ sung Điều 32 của Bộ luật Tố tụng dân sự số 92/2015/QH13 như sau:\n\na) Sửa đổi, bổ sung tên điều, khoản 1; bổ sung các khoản 1a, 1b và 1c vào sau khoản 1 như sau:\n\n“Điều 32. Những tranh chấp về lao động và tranh chấp liên quan đến lao động thuộc thẩm quyền giải quyết của Tòa án\n\n1. Tranh chấp lao động cá nhân giữa người lao động với người sử dụng lao động phải thông qua thủ tục hòa giải của hòa giải viên lao động mà hòa giải thành nhưng các bên không thực hiện hoặc thực hiện không đúng, hòa giải không thành hoặc hết thời hạn hòa giải theo quy định của pháp luật về lao động mà hòa giải viên lao động không tiến hành hòa giải, trừ các tranh chấp lao động sau đây không bắt buộc phải qua thủ tục hòa giải:\n\na) Về xử lý kỷ luật lao động theo hình thức sa thải hoặc về trường hợp bị đơn phương chấm dứt hợp đồng lao động;\n\nb) Về bồi thường thiệt hại, trợ cấp khi chấm dứt hợp đồng lao động;\n\nc) Giữa người giúp việc gia đình với người sử dụng lao động;\n\nd) Về bảo hiểm xã hội theo quy định của pháp luật về bảo hiểm xã hội, về bảo hiểm y tế theo quy định của pháp luật về bảo hiểm y tế, về bảo hiểm thất nghiệp theo quy định của pháp luật về việc làm, về bảo hiểm tai nạn lao động, bệnh nghề nghiệp theo quy định của pháp luật về an toàn, vệ sinh lao động;\n\nđ) Về bồi thường thiệt hại giữa người lao động với doanh nghiệp, tổ chức đưa người lao động đi làm việc ở nước ngoài theo hợp đồng;\n\ne) Giữa người lao động thuê lại với người sử dụng lao động thuê lại.', '“Điều 54. Điều kiện hưởng lương hưu\n\n1. Người lao động quy định tại các điểm a, b, c, d, g, h và i khoản 1 Điều 2 của Luật này, trừ trường hợp quy định tại khoản 3 Điều này, khi nghỉ việc có đủ 20 năm đóng bảo hiểm xã hội trở lên thì được hưởng lương hưu nếu thuộc một trong các\xa0trường hợp\xa0sau đây:\n\na) Đủ tuổi theo quy định tại khoản 2 Điều 169 của Bộ luật Lao động;\n\nb) Đủ tuổi theo quy định tại khoản 3 Điều 169 của Bộ luật Lao động và có đủ 15 năm làm nghề, công việc nặng nhọc, độc hại, nguy hiểm hoặc đặc biệt nặng nhọc, độc hại, nguy hiểm thuộc danh mục do Bộ Lao động - Thương binh và Xã hội ban hành hoặc có đủ 15 năm làm việc ở vùng có điều kiện kinh tế - xã hội đặc biệt khó khăn bao gồm cả thời gian làm việc ở nơi có phụ cấp khu vực hệ số 0,7 trở lên trước ngày 01 tháng 01 năm 2021;\n\nc) Người lao động có tuổi thấp hơn tối đa 10 tuổi so với tuổi nghỉ hưu của người lao động quy định tại khoản 2 Điều 169 của Bộ luật Lao động và có đủ 15 năm làm công việc khai thác than trong hầm lò; \n\nd) Người bị nhiễm HIV do tai nạn rủi ro nghề nghiệp trong khi thực hiện nhiệm vụ được giao.\n\n2. Người lao động quy định tại điểm đ và điểm e khoản 1 Điều 2 của Luật này nghỉ việc có đủ 20 năm đóng bảo hiểm xã hội trở lên được hưởng lương hưu khi thuộc một trong các trường hợp sau đây:\n\na) Có tuổi thấp hơn tối đa 05 tuổi so với tuổi nghỉ hưu quy định tại khoản 2 Điều 169 của Bộ luật Lao động, trừ trường hợp Luật Sĩ quan Quân đội nhân dân Việt Nam, Luật Công an nhân dân, Luật Cơ yếu, Luật Quân nhân chuyên nghiệp, công nhân và viên chức quốc phòng có quy định khác;\n\nb) Có tuổi thấp hơn tối đa 05 tuổi so với tuổi nghỉ hưu quy định tại khoản 3 Điều 169 của Bộ luật Lao động và có đủ 15 năm làm nghề, công việc nặng nhọc, độc hại, nguy hiểm hoặc đặc biệt nặng nhọc, độc hại, nguy hiểm thuộc danh mục do Bộ Lao động - Thương binh và Xã hội ban hành hoặc có đủ 15 năm làm việc ở vùng có điều kiện kinh tế - xã hội đặc biệt khó khăn bao gồm cả thời gian làm việc ở nơi có phụ cấp khu vực hệ số 0,7 trở lên trước ngày 01 tháng 01 năm 2021;\n\nc) Người bị nhiễm HIV do tai nạn rủi ro nghề nghiệp trong khi thực hiện nhiệm vụ được giao.\n\n3. Lao động nữ là cán bộ, công chức cấp xã hoặc là người hoạt động không chuyên trách ở xã, phường, thị trấn tham gia bảo hiểm xã hội khi nghỉ việc mà có từ đủ 15 năm đến dưới 20 năm đóng bảo hiểm xã hội và đủ tuổi nghỉ hưu quy định tại khoản 2 Điều 169 của Bộ luật Lao động thì được hưởng lương hưu.\n\n4. Điều kiện về tuổi hưởng lương hưu đối với một số trường hợp đặc biệt theo quy định của Chính phủ.”;\n\nb) Sửa đổi, bổ sung Điều 55 như sau:\n\n“Điều 55. Điều kiện hưởng lương hưu khi suy giảm khả năng lao động\n\n1. Người lao động quy định tại các điểm a, b, c, d, g, h và i khoản 1 Điều 2 của Luật này khi nghỉ việc có đủ 20 năm đóng bảo hiểm xã hội trở lên được hưởng lương hưu với mức thấp hơn so với người đủ điều kiện hưởng lương hưu quy định tại các điểm a, b và c khoản 1 Điều 54 của Luật này nếu thuộc một trong các trường hợp sau đây:']","Theo quy định tại khoản 2 Điều 169 của Bộ luật Lao động, tuổi nghỉ hưu của nữ giới là 55 tuổi.",Nữ giới nghỉ hưu ở tuổi 60,,,
Thời gian thử việc tối đa là bao nhiêu ngày?,"['2. Nội dung chủ yếu của hợp đồng thử việc gồm thời gian thử việc và nội dung quy định tại các điểm a, b, c, đ, g và h khoản 1 Điều 21 của Bộ luật này. \n\n3. Không áp dụng thử việc đối với người lao động giao kết hợp đồng lao động có thời hạn dưới 01 tháng.\n\nĐiều 25. Thời gian thử việc\n\nThời gian thử việc do hai bên thỏa thuận căn cứ vào tính chất và mức độ phức tạp của công việc nhưng chỉ được thử việc một lần đối với một công việc và bảo đảm điều kiện sau đây:\n\n1. Không quá 180 ngày đối với công việc của người quản lý doanh nghiệp theo quy định của Luật Doanh nghiệp, Luật Quản lý, sử dụng vốn nhà nước đầu tư vào sản xuất, kinh doanh tại doanh nghiệp;\n\n2. Không quá 60 ngày đối với công việc có chức danh nghề nghiệp cần trình độ chuyên môn, kỹ thuật từ cao đẳng trở lên;\n\n3. Không quá 30 ngày đối với công việc có chức danh nghề nghiệp cần trình độ chuyên môn, kỹ thuật trung cấp, công nhân kỹ thuật, nhân viên nghiệp vụ;\n\n4. Không quá 06 ngày làm việc đối với công việc khác.\n\nĐiều 26. Tiền lương thử việc\n\nTiền lương của người lao động trong thời gian thử việc do hai bên thỏa thuận nhưng ít nhất phải bằng 85% mức lương của công việc đó.\n\nĐiều 27. Kết thúc thời gian thử việc\n\n1. Khi kết thúc thời gian thử việc, người sử dụng lao động phải thông báo kết quả thử việc cho người lao động.\n\nTrường hợp thử việc đạt yêu cầu thì người sử dụng lao động tiếp tục thực hiện hợp đồng lao động đã giao kết đối với trường hợp thỏa thuận thử việc trong hợp đồng lao động hoặc phải giao kết hợp đồng lao động đối với trường hợp giao kết hợp đồng thử việc. \n\nTrường hợp thử việc không đạt yêu cầu thì chấm dứt hợp đồng lao động đã giao kết hoặc hợp đồng thử việc.\n\n2. Trong thời gian thử việc, mỗi bên có quyền hủy bỏ hợp đồng thử việc hoặc hợp đồng lao động đã giao kết mà không cần báo trước và không phải bồi thường. \n\nMục 2. THỰC HIỆN HỢP ĐỒNG LAO ĐỘNG\n\nĐiều 28. Thực hiện công việc theo hợp đồng lao động\n\nCông việc theo hợp đồng lao động phải do người lao động đã giao kết hợp đồng thực hiện. Địa điểm làm việc được thực hiện theo hợp đồng lao động, trừ trường hợp hai bên có thỏa thuận khác.\n\nĐiều 29. Chuyển người lao động làm công việc khác so với hợp đồng lao động\n\n1. Khi gặp khó khăn đột xuất do thiên tai, hỏa hoạn, dịch bệnh nguy hiểm, áp dụng biện pháp ngăn ngừa, khắc phục tai nạn lao động, bệnh nghề nghiệp, sự cố điện, nước hoặc do nhu cầu sản xuất, kinh doanh thì người sử dụng lao động được quyền tạm thời chuyển người lao động làm công việc khác so với hợp đồng lao động nhưng không được quá 60 ngày làm việc cộng dồn trong 01 năm; trường hợp chuyển người lao động làm công việc khác so với hợp đồng lao động quá 60 ngày làm việc cộng dồn trong 01 năm thì chỉ được thực hiện khi người lao động đồng ý bằng văn bản.\n\nNgười sử dụng lao động quy định cụ thể trong nội quy lao động những trường hợp do nhu cầu sản xuất, kinh doanh mà người sử dụng lao động được tạm thời chuyển người lao động làm công việc khác so với hợp đồng lao động.', 'Điều 449. Bồi thường thiệt hại trong thời hạn bảo hành\n\n1. Ngoài việc yêu cầu thực hiện các biện pháp bảo hành, bên mua có quyền yêu cầu bên bán bồi thường thiệt hại do khuyết tật về kỹ thuật của vật gây ra trong thời hạn bảo hành.\n\n2. Bên bán không phải bồi thường thiệt hại nếu chứng minh được thiệt hại xảy ra do lỗi của bên mua. Bên bán được giảm mức bồi thường thiệt hại nếu bên mua không áp dụng các biện pháp cần thiết mà khả năng cho phép nhằm ngăn chặn, hạn chế thiệt hại.\n\nĐiều 450. Mua bán quyền tài sản\n\n1. Trường hợp mua bán quyền tài sản thì bên bán phải chuyển giấy tờ và làm thủ tục chuyển quyền sở hữu cho bên mua, bên mua phải trả tiền cho bên bán.\n\n2. Trường hợp quyền tài sản là quyền đòi nợ và bên bán cam kết bảo đảm khả năng thanh toán của người mắc nợ thì bên bán phải liên đới chịu trách nhiệm thanh toán, nếu khi đến hạn mà người mắc nợ không trả.\n\n3. Thời điểm chuyển quyền sở hữu đối với quyền tài sản là thời điểm bên mua nhận được giấy tờ về quyền sở hữu đối với quyền tài sản đó hoặc từ thời điểm đăng ký việc chuyển quyền sở hữu, nếu pháp luật có quy định.\n\nĐiều 451. Bán đấu giá tài sản\n\nTài sản có thể được đem bán đấu giá theo ý chí của chủ sở hữu hoặc theo quy định của pháp luật. Tài sản thuộc sở hữu chung đem bán đấu giá phải có sự đồng ý của tất cả các chủ sở hữu chung, trừ trường hợp có thỏa thuận khác hoặc pháp luật có quy định khác.\n\nViệc bán đấu giá tài sản phải đảm bảo nguyên tắc khách quan, công khai, minh bạch, bảo đảm quyền, lợi ích hợp pháp của các bên tham gia và được thực hiện theo quy định của pháp luật về bán đấu giá tài sản.\n\nĐiều 452. Mua sau khi sử dụng thử\n\n1. Các bên có thể thỏa thuận về việc bên mua được dùng thử vật mua trong một thời hạn gọi là thời hạn dùng thử. Trong thời hạn dùng thử, bên mua có thể trả lời mua hoặc không mua; nếu hết thời hạn dùng thử mà bên mua không trả lời thì coi như đã chấp nhận mua theo các điều kiện đã thỏa thuận trước khi nhận vật dùng thử.\n\nTrường hợp các bên không thỏa thuận hoặc thỏa thuận không rõ ràng về thời hạn dùng thử thì thời hạn này được xác định theo tập quán của giao dịch có đối tượng cùng loại.\n\n2. Trong thời hạn dùng thử, vật vẫn thuộc sở hữu của bên bán. Bên bán phải chịu mọi rủi ro xảy ra đối với vật, trừ trường hợp có thỏa thuận khác. Trong thời hạn dùng thử, bên bán không được bán, tặng cho, cho thuê, trao đổi, thế chấp, cầm cố tài sản khi bên mua chưa trả lời.\n\n3. Trường hợp bên dùng thử trả lời không mua thì phải trả lại vật cho bên bán và phải bồi thường thiệt hại cho bên bán, nếu làm mất, hư hỏng vật dùng thử. Bên dùng thử không phải chịu trách nhiệm về những hao mòn thông thường do việc dùng thử gây ra và không phải hoàn trả hoa lợi do việc dùng thử mang lại.\n\nĐiều 453. Mua trả chậm, trả dần\n\n1. Các bên có thể thỏa thuận về việc bên mua trả chậm hoặc trả dần tiền mua trong một thời hạn sau khi nhận tài sản mua. Bên bán được bảo lưu quyền sở hữu đối với tài sản bán cho đến khi bên mua trả đủ tiền, trừ trường hợp có thỏa thuận khác.', 'b) Người lao động bị ốm đau, tai nạn đã điều trị 12 tháng liên tục đối với người làm việc theo hợp đồng lao động không xác định thời hạn hoặc đã điều trị 06 tháng liên tục đối với người làm việc theo hợp đồng lao động xác định thời hạn có thời hạn từ 12 tháng đến 36 tháng hoặc quá nửa thời hạn hợp đồng lao động đối với người làm việc theo hợp đồng lao động xác định thời hạn có thời hạn dưới 12 tháng mà khả năng lao động chưa hồi phục.\n\nKhi sức khỏe của người lao động bình phục thì người sử dụng lao động xem xét để tiếp tục giao kết hợp đồng lao động với người lao động;\n\nc) Do thiên tai, hỏa hoạn, dịch bệnh nguy hiểm, địch họa hoặc di dời, thu hẹp sản xuất, kinh doanh theo yêu cầu của cơ quan nhà nước có thẩm quyền mà người sử dụng lao động đã tìm mọi biện pháp khắc phục nhưng vẫn buộc phải giảm chỗ làm việc;\n\nd) Người lao động không có mặt tại nơi làm việc sau thời hạn quy định tại Điều 31 của Bộ luật này;\n\nđ) Người lao động đủ tuổi nghỉ hưu theo quy định tại Điều 169 của Bộ luật này, trừ trường hợp có thỏa thuận khác;\n\ne) Người lao động tự ý bỏ việc mà không có lý do chính đáng từ 05 ngày làm việc liên tục trở lên;\n\ng) Người lao động cung cấp không trung thực thông tin theo quy định tại khoản 2 Điều 16 của Bộ luật này khi giao kết hợp đồng lao động làm ảnh hưởng đến việc tuyển dụng người lao động.\n\n2. Khi đơn phương chấm dứt hợp đồng lao động trong trường hợp quy định tại các điểm a, b, c, đ và g khoản 1 Điều này, người sử dụng lao động phải báo trước cho người lao động như sau:\n\na) Ít nhất 45 ngày đối với hợp đồng lao động không xác định thời hạn; \n\nb) Ít nhất 30 ngày đối với hợp đồng lao động xác định thời hạn có thời hạn từ 12 tháng đến 36 tháng; \n\nc) Ít nhất 03 ngày làm việc đối với hợp đồng lao động xác định thời hạn có thời hạn dưới 12 tháng và đối với trường hợp quy định tại điểm b khoản 1 Điều này; \n\nd) Đối với một số ngành, nghề, công việc đặc thù thì thời hạn báo trước được thực hiện theo quy định của Chính phủ.\n\n3. Khi đơn phương chấm dứt hợp đồng lao động quy định tại điểm d và điểm e khoản 1 Điều này thì người sử dụng lao động không phải báo trước cho người lao động.\n\nĐiều 37. Trường hợp người sử dụng lao động không được thực hiện quyền đơn phương chấm dứt hợp đồng lao động\n\n1. Người lao động ốm đau hoặc bị tai nạn, bệnh nghề nghiệp đang điều trị, điều dưỡng theo chỉ định của cơ sở khám bệnh, chữa bệnh có thẩm quyền, trừ trường hợp quy định tại điểm b khoản 1 Điều 36 của Bộ luật này.\n\n2. Người lao động đang nghỉ hằng năm, nghỉ việc riêng và trường hợp nghỉ khác được người sử dụng lao động đồng ý.\n\n3. Người lao động nữ mang thai; người lao động đang nghỉ thai sản hoặc nuôi con dưới 12 tháng tuổi. \n\nĐiều 38. Hủy bỏ việc đơn phương chấm dứt hợp đồng lao động\n\nMỗi bên đều có quyền hủy bỏ việc đơn phương chấm dứt hợp đồng lao động trước khi hết thời hạn báo trước nhưng phải thông báo bằng văn bản và phải được bên kia đồng ý.\n\nĐiều 39. Đơn phương chấm dứt hợp đồng lao động trái pháp luật']","Thời gian thử việc tối đa được quy định tại Điều 25 của Bộ luật Lao động như sau:

- Không quá 180 ngày đối với công việc của người quản lý doanh nghiệp theo quy định của Luật Doanh nghiệp, Luật Quản lý, sử dụng vốn nhà nước đầu tư vào sản xuất, kinh doanh tại doanh nghiệp;
- Không quá 60 ngày đối với công việc có chức danh nghề nghiệp cần trình độ chuyên môn, kỹ thuật từ cao đẳng trở lên;
- Không quá 30 ngày đối với công việc có chức danh nghề nghiệp cần trình độ chuyên môn, kỹ thuật trung cấp, công nhân kỹ thuật, nhân viên nghiệp vụ;
- Không quá 06 ngày làm việc đối với công việc khác.

Vậy, thời gian thử việc tối đa là 180 ngày đối với một số công việc đặc biệt, và tối đa 60 ngày đối với công việc có trình độ chuyên môn kỹ thuật từ cao đẳng trở lên.",Thời gian thử việc không quá 180 ngày đối với công việc của người quản lý doanh nghiệp và không quá 60 ngày đối với công việc có chức danh nghề nghiệp cần trình độ chuyên môn kỹ thuật từ cao đẳng trở lên,,,
Doanh nghiệp tư nhân do bao nhiêu người thành lập?,"['g) Được chia một phần giá trị tài sản còn lại của công ty tương ứng với tỷ lệ phần vốn góp trong vốn điều lệ công ty khi công ty giải thể hoặc phá sản;\n\nh) Quyền khác theo quy định của Luật này và Điều lệ công ty.\n\n2. Thành viên góp vốn có nghĩa vụ sau đây:\n\na) Chịu trách nhiệm về các khoản nợ và nghĩa vụ tài sản khác của công ty trong phạm vi số vốn đã cam kết góp;\n\nb) Không được tham gia quản lý công ty, không được tiến hành công việc kinh doanh nhân danh công ty;\n\nc) Tuân thủ Điều lệ công ty, nghị quyết và quyết định của Hội đồng thành viên;\n\nd) Nghĩa vụ khác theo quy định của Luật này và Điều lệ công ty.\n\nChương VII\n\nDOANH NGHIỆP TƯ NHÂN\n\nĐiều 188. Doanh nghiệp tư nhân\n\n1. Doanh nghiệp tư nhân là doanh nghiệp do một cá nhân làm chủ và tự chịu trách nhiệm bằng toàn bộ tài sản của mình về mọi hoạt động của doanh nghiệp.\n\n2. Doanh nghiệp tư nhân không được phát hành bất kỳ loại chứng khoán nào.\n\n3. Mỗi cá nhân chỉ được quyền thành lập một doanh nghiệp tư nhân. Chủ doanh nghiệp tư nhân không được đồng thời là chủ hộ kinh doanh, thành viên hợp danh của công ty hợp danh.\n\n4. Doanh nghiệp tư nhân không được quyền góp vốn thành lập hoặc mua cổ phần, phần vốn góp trong công ty hợp danh, công ty trách nhiệm hữu hạn hoặc công ty cổ phần.\n\nĐiều 189. Vốn đầu tư của chủ doanh nghiệp tư nhân\n\n1. Vốn đầu tư của chủ doanh nghiệp tư nhân do chủ doanh nghiệp tự đăng ký. Chủ doanh nghiệp tư nhân có nghĩa vụ đăng ký chính xác tổng số vốn đầu tư, trong đó nêu rõ số vốn bằng Đồng Việt Nam, ngoại tệ tự do chuyển đổi, vàng và tài sản khác; đối với vốn bằng tài sản khác còn phải ghi rõ loại tài sản, số lượng và giá trị còn lại của mỗi loại tài sản.\n\n2. Toàn bộ vốn và tài sản kể cả vốn vay và tài sản thuê được sử dụng vào hoạt động kinh doanh của doanh nghiệp phải được ghi chép đầy đủ vào sổ kế toán và báo cáo tài chính của doanh nghiệp theo quy định của pháp luật.\n\n3. Trong quá trình hoạt động, chủ doanh nghiệp tư nhân có quyền tăng hoặc giảm vốn đầu tư của mình vào hoạt động kinh doanh của doanh nghiệp. Việc tăng hoặc giảm vốn đầu tư của chủ doanh nghiệp tư nhân phải được ghi chép đầy đủ vào sổ kế toán. Trường hợp giảm vốn đầu tư xuống thấp hơn vốn đầu tư đã đăng ký thì chủ doanh nghiệp tư nhân chỉ được giảm vốn sau khi đã đăng ký với Cơ quan đăng ký kinh doanh.\n\nĐiều 190. Quản lý doanh nghiệp tư nhân\n\n1. Chủ doanh nghiệp tư nhân có toàn quyền quyết định đối với tất cả hoạt động kinh doanh của doanh nghiệp tư nhân, việc sử dụng lợi nhuận sau khi đã nộp thuế và thực hiện nghĩa vụ tài chính khác theo quy định của pháp luật.\n\n2. Chủ doanh nghiệp tư nhân có thể trực tiếp hoặc thuê người khác làm Giám đốc hoặc Tổng giám đốc để quản lý, điều hành hoạt động kinh doanh; trường hợp này, chủ doanh nghiệp tư nhân vẫn phải chịu trách nhiệm về mọi hoạt động kinh doanh của doanh nghiệp tư nhân.', '3. Trường hợp chủ doanh nghiệp tư nhân chết mà không có người thừa kế, người thừa kế từ chối nhận thừa kế hoặc bị truất quyền thừa kế thì tài sản của chủ doanh nghiệp tư nhân được xử lý theo quy định của pháp luật về dân sự.\n\n4. Trường hợp chủ doanh nghiệp tư nhân bị hạn chế hoặc mất năng lực hành vi dân sự, có khó khăn trong nhận thức, làm chủ hành vi thì quyền và nghĩa vụ của chủ doanh nghiệp tư nhân được thực hiện thông qua người đại diện.\n\n5. Trường hợp chủ doanh nghiệp tư nhân bị Tòa án cấm hành nghề hoặc làm công việc nhất định thuộc phạm vi ngành, nghề kinh doanh của doanh nghiệp thì chủ doanh nghiệp tư nhân tạm ngừng, chấm dứt kinh doanh ngành, nghề có liên quan theo quyết định của Tòa án hoặc chuyển nhượng doanh nghiệp tư nhân cho cá nhân, tổ chức khác.\n\nChương VIII\n\nNHÓM CÔNG TY\n\nĐiều 194. Tập đoàn kinh tế, tổng công ty\n\n1. Tập đoàn kinh tế, tổng công ty thuộc các thành phần kinh tế là nhóm công ty có mối quan hệ với nhau thông qua sở hữu cổ phần, phần vốn góp hoặc liên kết khác. Tập đoàn kinh tế, tổng công ty không phải là một loại hình doanh nghiệp, không có tư cách pháp nhân, không phải đăng ký thành lập theo quy định của Luật này.\n\n2. Tập đoàn kinh tế, tổng công ty có công ty mẹ, công ty con và các công ty thành viên khác. Công ty mẹ, công ty con và mỗi công ty thành viên trong tập đoàn kinh tế, tổng công ty có quyền và nghĩa vụ của doanh nghiệp độc lập theo quy định của pháp luật.\n\nĐiều 195. Công ty mẹ, công ty con\n\n1. Một công ty được coi là công ty mẹ của công ty khác nếu thuộc một trong các trường hợp sau đây:\n\na) Sở hữu trên 50% vốn điều lệ hoặc tổng số cổ phần phổ thông của công ty đó;\n\nb) Có quyền trực tiếp hoặc gián tiếp quyết định bổ nhiệm đa số hoặc tất cả thành viên Hội đồng quản trị, Giám đốc hoặc Tổng giám đốc của công ty đó;\n\nc) Có quyền quyết định việc sửa đổi, bổ sung Điều lệ của công ty đó.\n\n2. Công ty con không được đầu tư mua cổ phần, góp vốn vào công ty mẹ. Các công ty con của cùng một công ty mẹ không được đồng thời cùng góp vốn, mua cổ phần để sở hữu chéo lẫn nhau.\n\n3. Các công ty con có cùng một công ty mẹ là doanh nghiệp có sở hữu ít nhất 65% vốn nhà nước không được cùng nhau góp vốn, mua cổ phần của doanh nghiệp khác hoặc để thành lập doanh nghiệp mới theo quy định của Luật này.\n\n4. Chính phủ quy định chi tiết khoản 2 và khoản 3 Điều này.\n\nĐiều 196. Quyền, nghĩa vụ và trách nhiệm của công ty mẹ đối với công ty con\n\n1. Tùy thuộc vào loại hình pháp lý của công ty con, công ty mẹ thực hiện quyền và nghĩa vụ của mình với tư cách là thành viên, chủ sở hữu hoặc cổ đông trong quan hệ với công ty con theo quy định tương ứng của Luật này và quy định khác của pháp luật có liên quan.\n\n2. Hợp đồng, giao dịch và quan hệ khác giữa công ty mẹ và công ty con đều phải được thiết lập và thực hiện độc lập, bình đẳng theo điều kiện áp dụng đối với chủ thể pháp lý độc lập.', '4. Kê khai không trung thực, không chính xác nội dung hồ sơ đăng ký doanh nghiệp và nội dung hồ sơ đăng ký thay đổi nội dung đăng ký doanh nghiệp.\n\n5. Kê khai khống vốn điều lệ, không góp đủ số vốn điều lệ như đã đăng ký; cố ý định giá tài sản góp vốn không đúng giá trị.\n\n6. Kinh doanh các ngành, nghề cấm đầu tư kinh doanh; kinh doanh ngành, nghề chưa được tiếp cận thị trường đối với nhà đầu tư nước ngoài; kinh doanh ngành, nghề đầu tư kinh doanh có điều kiện khi chưa đủ điều kiện kinh doanh theo quy định của pháp luật hoặc không bảo đảm duy trì đủ điều kiện đầu tư kinh doanh trong quá trình hoạt động.\n\n7. Lừa đảo, rửa tiền, tài trợ khủng bố.\n\nChương II\n\nTHÀNH LẬP DOANH NGHIỆP\n\nĐiều 17. Quyền thành lập, góp vốn, mua cổ phần, mua phần vốn góp và quản lý doanh nghiệp\n\n1. Tổ chức, cá nhân có quyền thành lập và quản lý doanh nghiệp tại Việt Nam theo quy định của Luật này, trừ trường hợp quy định tại khoản 2 Điều này.\n\n2. Tổ chức, cá nhân sau đây không có quyền thành lập và quản lý doanh nghiệp tại Việt Nam:\n\na) Cơ quan nhà nước, đơn vị lực lượng vũ trang nhân dân sử dụng tài sản nhà nước để thành lập doanh nghiệp kinh doanh thu lợi riêng cho cơ quan, đơn vị mình;\n\nb) Cán bộ, công chức, viên chức theo quy định của Luật Cán bộ, công chức và Luật Viên chức;\n\nc) Sĩ quan, hạ sĩ quan, quân nhân chuyên nghiệp, công nhân, viên chức quốc phòng trong các cơ quan, đơn vị thuộc Quân đội nhân dân Việt Nam; sĩ quan, hạ sĩ quan chuyên nghiệp, công nhân công an trong các cơ quan, đơn vị thuộc Công an nhân dân Việt Nam, trừ người được cử làm đại diện theo ủy quyền để quản lý phần vốn góp của Nhà nước tại doanh nghiệp hoặc quản lý tại doanh nghiệp nhà nước;\n\nd) Cán bộ lãnh đạo, quản lý nghiệp vụ trong doanh nghiệp nhà nước theo quy định tại điểm a khoản 1 Điều 88 của Luật này, trừ người được cử làm đại diện theo ủy quyền để quản lý phần vốn góp của Nhà nước tại doanh nghiệp khác;\n\nđ) Người chưa thành niên; người bị hạn chế năng lực hành vi dân sự; người bị mất năng lực hành vi dân sự; người có khó khăn trong nhận thức, làm chủ hành vi; tổ chức không có tư cách pháp nhân;\n\ne) Người đang bị truy cứu trách nhiệm hình sự, bị tạm giam, đang chấp hành hình phạt tù, đang chấp hành biện pháp xử lý hành chính tại cơ sở cai nghiện bắt buộc, cơ sở giáo dục bắt buộc hoặc đang bị Tòa án cấm đảm nhiệm chức vụ, cấm hành nghề hoặc làm công việc nhất định; các trường hợp khác theo quy định của Luật Phá sản, Luật Phòng, chống tham nhũng.\n\nTrường hợp Cơ quan\xa0đăng ký\xa0kinh doanh có yêu cầu, người đăng ký thành lập doanh nghiệp phải nộp Phiếu lý lịch tư pháp cho Cơ quan đăng ký kinh doanh;\n\ng) Tổ chức là pháp nhân thương mại bị cấm kinh doanh, cấm hoạt động trong một số lĩnh vực nhất định theo quy định của Bộ luật Hình sự.\n\n3. Tổ chức, cá nhân có quyền góp vốn, mua cổ phần, mua phần vốn góp vào công ty cổ phần, công ty trách nhiệm hữu hạn, công ty hợp danh theo quy định của Luật này, trừ trường hợp sau đây:']","Theo Điều 188 của Luật Doanh nghiệp 2020, doanh nghiệp tư nhân được thành lập bởi một cá nhân.",Doanh nghiệp tư nhân do một cá nhân làm chủ,,,
